--
-- Script was generated by Devart dbForge Studio 2020 for MySQL, Version 9.0.338.0
-- Product home page: http://www.devart.com/dbforge/mysql/studio
-- Script date 29-01-2022 10:56:43
-- Server version: 5.7.31
-- Client version: 4.1
--

-- 
-- Disable foreign keys
-- 
/*!40014 SET @OLD_FOREIGN_KEY_CHECKS=@@FOREIGN_KEY_CHECKS, FOREIGN_KEY_CHECKS=0 */;

-- 
-- Set SQL mode
-- 
/*!40101 SET @OLD_SQL_MODE=@@SQL_MODE, SQL_MODE='NO_AUTO_VALUE_ON_ZERO' */;

--
-- Set default database
--
USE inntech_pos_v2_db;

--
-- Drop table `ara_area`
--
DROP TABLE IF EXISTS ara_area;

--
-- Drop table `ara_relation`
--
DROP TABLE IF EXISTS ara_relation;

--
-- Drop table `ara_session`
--
DROP TABLE IF EXISTS ara_session;

--
-- Drop table `ara_table`
--
DROP TABLE IF EXISTS ara_table;

--
-- Drop table `con_customer`
--
DROP TABLE IF EXISTS con_customer;

--
-- Drop table `con_customer_address`
--
DROP TABLE IF EXISTS con_customer_address;

--
-- Drop table `con_customer_groups`
--
DROP TABLE IF EXISTS con_customer_groups;

--
-- Drop table `con_salutation`
--
DROP TABLE IF EXISTS con_salutation;

--
-- Drop table `con_vendor`
--
DROP TABLE IF EXISTS con_vendor;

--
-- Drop table `con_vendor_address`
--
DROP TABLE IF EXISTS con_vendor_address;

--
-- Drop table `con_vendor_add_contact`
--
DROP TABLE IF EXISTS con_vendor_add_contact;

--
-- Drop table `emp_employee`
--
DROP TABLE IF EXISTS emp_employee;

--
-- Drop table `emp_shift`
--
DROP TABLE IF EXISTS emp_shift;

--
-- Drop table `itm_category`
--
DROP TABLE IF EXISTS itm_category;

--
-- Drop table `itm_item`
--
DROP TABLE IF EXISTS itm_item;

--
-- Drop table `itm_note`
--
DROP TABLE IF EXISTS itm_note;

--
-- Drop table `mas_currencies`
--
DROP TABLE IF EXISTS mas_currencies;

--
-- Drop table `mig_areas`
--
DROP TABLE IF EXISTS mig_areas;

--
-- Drop table `mig_contacts`
--
DROP TABLE IF EXISTS mig_contacts;

--
-- Drop table `mig_employees`
--
DROP TABLE IF EXISTS mig_employees;

--
-- Drop table `mig_etemplates`
--
DROP TABLE IF EXISTS mig_etemplates;

--
-- Drop table `mig_items`
--
DROP TABLE IF EXISTS mig_items;

--
-- Drop table `mig_kitchens`
--
DROP TABLE IF EXISTS mig_kitchens;

--
-- Drop table `mig_notifications`
--
DROP TABLE IF EXISTS mig_notifications;

--
-- Drop table `mig_orders`
--
DROP TABLE IF EXISTS mig_orders;

--
-- Drop table `mig_outlets`
--
DROP TABLE IF EXISTS mig_outlets;

--
-- Drop table `mig_pos`
--
DROP TABLE IF EXISTS mig_pos;

--
-- Drop table `mig_printers`
--
DROP TABLE IF EXISTS mig_printers;

--
-- Drop table `mig_promotions`
--
DROP TABLE IF EXISTS mig_promotions;

--
-- Drop table `mig_registers`
--
DROP TABLE IF EXISTS mig_registers;

--
-- Drop table `mig_reports`
--
DROP TABLE IF EXISTS mig_reports;

--
-- Drop table `mig_wapi`
--
DROP TABLE IF EXISTS mig_wapi;

--
-- Drop table `mig_warehouses`
--
DROP TABLE IF EXISTS mig_warehouses;

--
-- Drop table `ord_address`
--
DROP TABLE IF EXISTS ord_address;

--
-- Drop table `ord_order`
--
DROP TABLE IF EXISTS ord_order;

--
-- Drop table `ord_order_item`
--
DROP TABLE IF EXISTS ord_order_item;

--
-- Drop table `ord_order_item_addon`
--
DROP TABLE IF EXISTS ord_order_item_addon;

--
-- Drop table `ord_order_item_note`
--
DROP TABLE IF EXISTS ord_order_item_note;

--
-- Drop table `ord_payment`
--
DROP TABLE IF EXISTS ord_payment;

--
-- Drop table `ord_payment_description`
--
DROP TABLE IF EXISTS ord_payment_description;

--
-- Drop table `ord_payment_refund`
--
DROP TABLE IF EXISTS ord_payment_refund;

--
-- Drop table `ord_print_queue`
--
DROP TABLE IF EXISTS ord_print_queue;

--
-- Drop table `ord_promotion`
--
DROP TABLE IF EXISTS ord_promotion;

--
-- Drop table `ord_split`
--
DROP TABLE IF EXISTS ord_split;

--
-- Drop table `ord_split_item`
--
DROP TABLE IF EXISTS ord_split_item;

--
-- Drop table `ord_split_payment`
--
DROP TABLE IF EXISTS ord_split_payment;

--
-- Drop table `pos_register_session`
--
DROP TABLE IF EXISTS pos_register_session;

--
-- Drop table `pos_session`
--
DROP TABLE IF EXISTS pos_session;

--
-- Drop table `prm_criteria`
--
DROP TABLE IF EXISTS prm_criteria;

--
-- Drop table `prm_criteria_product`
--
DROP TABLE IF EXISTS prm_criteria_product;

--
-- Drop table `prm_outlet`
--
DROP TABLE IF EXISTS prm_outlet;

--
-- Drop table `prm_promotion`
--
DROP TABLE IF EXISTS prm_promotion;

--
-- Drop table `prm_reward`
--
DROP TABLE IF EXISTS prm_reward;

--
-- Drop table `prm_reward_product`
--
DROP TABLE IF EXISTS prm_reward_product;

--
-- Drop table `sys_app_currency`
--
DROP TABLE IF EXISTS sys_app_currency;

--
-- Drop table `sys_carrier`
--
DROP TABLE IF EXISTS sys_carrier;

--
-- Drop table `sys_city`
--
DROP TABLE IF EXISTS sys_city;

--
-- Drop table `sys_country`
--
DROP TABLE IF EXISTS sys_country;

--
-- Drop table `sys_etemplate`
--
DROP TABLE IF EXISTS sys_etemplate;

--
-- Drop table `sys_icon`
--
DROP TABLE IF EXISTS sys_icon;

--
-- Drop table `sys_key`
--
DROP TABLE IF EXISTS sys_key;

--
-- Drop table `sys_kitchen`
--
DROP TABLE IF EXISTS sys_kitchen;

--
-- Drop table `sys_module`
--
DROP TABLE IF EXISTS sys_module;

--
-- Drop table `sys_notification`
--
DROP TABLE IF EXISTS sys_notification;

--
-- Drop table `sys_order_source`
--
DROP TABLE IF EXISTS sys_order_source;

--
-- Drop table `sys_payment_method`
--
DROP TABLE IF EXISTS sys_payment_method;

--
-- Drop table `sys_permission`
--
DROP TABLE IF EXISTS sys_permission;

--
-- Drop table `sys_printer`
--
DROP TABLE IF EXISTS sys_printer;

--
-- Drop table `sys_print_template`
--
DROP TABLE IF EXISTS sys_print_template;

--
-- Drop table `sys_ref`
--
DROP TABLE IF EXISTS sys_ref;

--
-- Drop table `sys_register`
--
DROP TABLE IF EXISTS sys_register;

--
-- Drop table `sys_route`
--
DROP TABLE IF EXISTS sys_route;

--
-- Drop table `sys_session`
--
DROP TABLE IF EXISTS sys_session;

--
-- Drop table `sys_setting`
--
DROP TABLE IF EXISTS sys_setting;

--
-- Drop table `sys_state`
--
DROP TABLE IF EXISTS sys_state;

--
-- Drop table `sys_unit`
--
DROP TABLE IF EXISTS sys_unit;

--
-- Drop table `sys_warehouse`
--
DROP TABLE IF EXISTS sys_warehouse;

--
-- Drop table `sys_webpush`
--
DROP TABLE IF EXISTS sys_webpush;

--
-- Drop table `sys_wh_batch`
--
DROP TABLE IF EXISTS sys_wh_batch;

--
-- Drop table `sys_wh_shelf`
--
DROP TABLE IF EXISTS sys_wh_shelf;

--
-- Drop table `usr_forgot`
--
DROP TABLE IF EXISTS usr_forgot;

--
-- Drop table `usr_group`
--
DROP TABLE IF EXISTS usr_group;

--
-- Drop table `usr_meta`
--
DROP TABLE IF EXISTS usr_meta;

--
-- Drop table `usr_user`
--
DROP TABLE IF EXISTS usr_user;

--
-- Drop table `usr_user_to_register`
--
DROP TABLE IF EXISTS usr_user_to_register;

--
-- Drop table `usr_user_to_warehouse`
--
DROP TABLE IF EXISTS usr_user_to_warehouse;

--
-- Drop table `web_session`
--
DROP TABLE IF EXISTS web_session;

--
-- Set default database
--
USE inntech_pos_v2_db;

--
-- Create table `web_session`
--
CREATE TABLE web_session (
  id int(11) UNSIGNED NOT NULL AUTO_INCREMENT,
  user_id int(11) DEFAULT NULL,
  `key` varchar(40) DEFAULT NULL,
  ip_address varchar(45) DEFAULT NULL,
  timestamp int(10) UNSIGNED DEFAULT NULL,
  data blob DEFAULT NULL,
  PRIMARY KEY (id)
)
ENGINE = MYISAM,
AUTO_INCREMENT = 45,
AVG_ROW_LENGTH = 64,
CHARACTER SET utf8,
CHECKSUM = 0,
COLLATE utf8_general_ci;

--
-- Create index `UK_web_session_user_id` on table `web_session`
--
ALTER TABLE web_session
ADD UNIQUE INDEX UK_web_session_user_id (user_id);

--
-- Create table `usr_user_to_warehouse`
--
CREATE TABLE usr_user_to_warehouse (
  user_id int(11) NOT NULL,
  warehouse_id int(11) NOT NULL,
  added datetime NOT NULL,
  PRIMARY KEY (user_id, warehouse_id)
)
ENGINE = MYISAM,
AVG_ROW_LENGTH = 14,
CHARACTER SET utf8,
CHECKSUM = 0,
COLLATE utf8_general_ci;

--
-- Create table `usr_user_to_register`
--
CREATE TABLE usr_user_to_register (
  user_id int(11) NOT NULL,
  register_id int(11) NOT NULL,
  added datetime NOT NULL,
  PRIMARY KEY (user_id, register_id)
)
ENGINE = INNODB,
AVG_ROW_LENGTH = 8192,
CHARACTER SET utf8,
COLLATE utf8_general_ci;

--
-- Create table `usr_user`
--
CREATE TABLE usr_user (
  id tinyint(4) NOT NULL AUTO_INCREMENT,
  group_id int(11) NOT NULL,
  first_name varchar(50) DEFAULT NULL,
  last_name varchar(50) DEFAULT NULL,
  gender enum ('m', 'f') DEFAULT NULL,
  image varchar(255) DEFAULT NULL,
  dob date DEFAULT NULL,
  theme varchar(20) DEFAULT NULL,
  mobile varchar(15) DEFAULT NULL,
  email varchar(100) NOT NULL,
  password varchar(100) NOT NULL,
  default_page varchar(50) DEFAULT NULL,
  status tinyint(1) NOT NULL DEFAULT 1,
  deleted tinyint(1) NOT NULL DEFAULT 0,
  added datetime DEFAULT NULL,
  PRIMARY KEY (id)
)
ENGINE = INNODB,
AUTO_INCREMENT = 10,
AVG_ROW_LENGTH = 4096,
CHARACTER SET utf8,
COLLATE utf8_general_ci;

--
-- Create index `email` on table `usr_user`
--
ALTER TABLE usr_user
ADD UNIQUE INDEX email (email);

--
-- Create index `users_ibfk_1` on table `usr_user`
--
ALTER TABLE usr_user
ADD INDEX users_ibfk_1 (group_id);

--
-- Create table `usr_meta`
--
CREATE TABLE usr_meta (
  user_id int(11) NOT NULL,
  meta_key varchar(20) NOT NULL,
  meta_value text DEFAULT NULL,
  PRIMARY KEY (user_id, meta_key)
)
ENGINE = MYISAM,
CHARACTER SET utf8,
CHECKSUM = 0,
COLLATE utf8_general_ci;

--
-- Create table `usr_group`
--
CREATE TABLE usr_group (
  id int(11) NOT NULL AUTO_INCREMENT,
  panel_login tinyint(1) DEFAULT 1,
  title varchar(50) NOT NULL,
  rank tinyint(2) DEFAULT NULL,
  is_admin tinyint(1) NOT NULL DEFAULT 0,
  permissions text DEFAULT NULL,
  sub_permissions text DEFAULT NULL,
  default_page varchar(50) DEFAULT NULL,
  added_on timestamp NULL DEFAULT CURRENT_TIMESTAMP,
  PRIMARY KEY (id)
)
ENGINE = INNODB,
AUTO_INCREMENT = 11,
AVG_ROW_LENGTH = 4096,
CHARACTER SET utf8,
COLLATE utf8_general_ci;

--
-- Create table `usr_forgot`
--
CREATE TABLE usr_forgot (
  id int(11) NOT NULL AUTO_INCREMENT,
  user_id int(11) DEFAULT NULL,
  code varchar(50) DEFAULT NULL,
  created_at datetime DEFAULT NULL,
  updated_at datetime DEFAULT NULL,
  deleted_at datetime DEFAULT NULL,
  PRIMARY KEY (id)
)
ENGINE = INNODB,
CHARACTER SET utf8,
COLLATE utf8_general_ci;

--
-- Create index `user_id` on table `usr_forgot`
--
ALTER TABLE usr_forgot
ADD UNIQUE INDEX user_id (user_id);

--
-- Create table `sys_wh_shelf`
--
CREATE TABLE sys_wh_shelf (
  id int(11) NOT NULL AUTO_INCREMENT,
  warehouse_id int(11) NOT NULL,
  title varchar(100) NOT NULL,
  status tinyint(1) NOT NULL DEFAULT 1,
  added datetime NOT NULL,
  PRIMARY KEY (id)
)
ENGINE = MYISAM,
CHARACTER SET utf8,
CHECKSUM = 0,
COLLATE utf8_general_ci;

--
-- Create table `sys_wh_batch`
--
CREATE TABLE sys_wh_batch (
  id int(11) NOT NULL AUTO_INCREMENT,
  shelf_id int(11) NOT NULL,
  title varchar(50) NOT NULL,
  manufacturer_batch_no varchar(20) NOT NULL,
  manufactured_date datetime NOT NULL,
  expiry_date datetime NOT NULL,
  status tinyint(1) NOT NULL DEFAULT 1,
  added datetime NOT NULL,
  PRIMARY KEY (id)
)
ENGINE = MYISAM,
CHARACTER SET utf8,
CHECKSUM = 0,
COLLATE utf8_general_ci;

--
-- Create table `sys_webpush`
--
CREATE TABLE sys_webpush (
  id int(11) NOT NULL AUTO_INCREMENT,
  endpoint text NOT NULL,
  key_p256db text NOT NULL,
  key_auth text NOT NULL,
  expiration_time datetime NOT NULL,
  status tinyint(1) NOT NULL DEFAULT 1,
  added datetime NOT NULL,
  PRIMARY KEY (id)
)
ENGINE = MYISAM,
AUTO_INCREMENT = 12,
AVG_ROW_LENGTH = 336,
CHARACTER SET utf8,
CHECKSUM = 0,
COLLATE utf8_general_ci;

--
-- Create table `sys_warehouse`
--
CREATE TABLE sys_warehouse (
  id int(11) NOT NULL AUTO_INCREMENT,
  code varchar(7) NOT NULL,
  type enum ('warehouse', 'outlet') NOT NULL DEFAULT 'warehouse',
  title varchar(100) NOT NULL,
  address_1 varchar(100) NOT NULL,
  address_2 varchar(100) NOT NULL,
  city varchar(50) NOT NULL,
  country_id int(11) NOT NULL,
  state_id int(11) NOT NULL,
  zipcode varchar(10) NOT NULL,
  phone varchar(20) NOT NULL,
  email varchar(100) NOT NULL,
  status tinyint(1) NOT NULL DEFAULT 1,
  created_by int(11) NOT NULL,
  added datetime NOT NULL,
  PRIMARY KEY (id)
)
ENGINE = MYISAM,
AUTO_INCREMENT = 7,
AVG_ROW_LENGTH = 56,
CHARACTER SET utf8,
CHECKSUM = 0,
COLLATE utf8_general_ci;

--
-- Create table `sys_unit`
--
CREATE TABLE sys_unit (
  id int(11) NOT NULL AUTO_INCREMENT,
  parent int(11) DEFAULT NULL,
  code varchar(10) DEFAULT NULL,
  title varchar(55) DEFAULT NULL,
  value decimal(12, 4) DEFAULT NULL,
  added datetime DEFAULT NULL,
  PRIMARY KEY (id)
)
ENGINE = MYISAM,
AUTO_INCREMENT = 3,
AVG_ROW_LENGTH = 30,
CHARACTER SET utf8,
CHECKSUM = 0,
COLLATE utf8_general_ci;

--
-- Create index `UK_sys_unit_code` on table `sys_unit`
--
ALTER TABLE sys_unit
ADD UNIQUE INDEX UK_sys_unit_code (code);

--
-- Create index `UK_sys_unit_title` on table `sys_unit`
--
ALTER TABLE sys_unit
ADD UNIQUE INDEX UK_sys_unit_title (title);

--
-- Create table `sys_state`
--
CREATE TABLE sys_state (
  id int(11) NOT NULL AUTO_INCREMENT,
  country_id int(11) NOT NULL,
  name varchar(128) NOT NULL,
  code varchar(32) NOT NULL,
  status tinyint(1) NOT NULL DEFAULT 1,
  PRIMARY KEY (id)
)
ENGINE = MYISAM,
AUTO_INCREMENT = 13,
AVG_ROW_LENGTH = 29,
CHARACTER SET utf8,
CHECKSUM = 0,
COLLATE utf8_general_ci;

--
-- Create table `sys_setting`
--
CREATE TABLE sys_setting (
  code varchar(64) NOT NULL DEFAULT 'general',
  title varchar(64) NOT NULL,
  value longtext NOT NULL,
  serialized tinyint(1) DEFAULT 0,
  PRIMARY KEY (code, title)
)
ENGINE = INNODB,
AVG_ROW_LENGTH = 780,
CHARACTER SET utf8,
COLLATE utf8_general_ci;

--
-- Create index `key` on table `sys_setting`
--
ALTER TABLE sys_setting
ADD UNIQUE INDEX `key` (title);

--
-- Create index `UK_settings` on table `sys_setting`
--
ALTER TABLE sys_setting
ADD UNIQUE INDEX UK_settings (code, title);

--
-- Create table `sys_session`
--
CREATE TABLE sys_session (
  id varchar(128) NOT NULL,
  ip_address varchar(45) NOT NULL,
  timestamp int(10) UNSIGNED NOT NULL DEFAULT 0,
  data blob NOT NULL
)
ENGINE = MYISAM,
CHARACTER SET utf8,
CHECKSUM = 0,
COLLATE utf8_general_ci;

--
-- Create index `bo_sessions_timestamp` on table `sys_session`
--
ALTER TABLE sys_session
ADD INDEX bo_sessions_timestamp (timestamp);

--
-- Create table `sys_route`
--
CREATE TABLE sys_route (
  id int(11) NOT NULL AUTO_INCREMENT,
  slug varchar(255) NOT NULL,
  status tinyint(1) DEFAULT 1,
  PRIMARY KEY (id)
)
ENGINE = INNODB,
AUTO_INCREMENT = 308,
AVG_ROW_LENGTH = 144,
CHARACTER SET utf8,
COLLATE utf8_general_ci;

--
-- Create index `slug` on table `sys_route`
--
ALTER TABLE sys_route
ADD UNIQUE INDEX slug (slug);

--
-- Create table `sys_register`
--
CREATE TABLE sys_register (
  id int(11) NOT NULL AUTO_INCREMENT,
  code varchar(7) NOT NULL,
  outlet_id int(11) NOT NULL,
  title text NOT NULL,
  `primary` tinyint(1) NOT NULL DEFAULT 0,
  `key` text NOT NULL,
  type enum ('Register', 'Tablet') NOT NULL DEFAULT 'Register',
  status tinyint(1) NOT NULL DEFAULT 1,
  added datetime NOT NULL,
  PRIMARY KEY (id)
)
ENGINE = MYISAM,
AUTO_INCREMENT = 4,
AVG_ROW_LENGTH = 94,
CHARACTER SET utf8,
CHECKSUM = 0,
COLLATE utf8_general_ci;

--
-- Create table `sys_ref`
--
CREATE TABLE sys_ref (
  code varchar(255) DEFAULT NULL,
  value varchar(255) DEFAULT NULL
)
ENGINE = MYISAM,
AVG_ROW_LENGTH = 20,
CHARACTER SET utf8,
CHECKSUM = 0,
COLLATE utf8_general_ci;

--
-- Create table `sys_print_template`
--
CREATE TABLE sys_print_template (
  id int(11) NOT NULL AUTO_INCREMENT,
  title varchar(50) NOT NULL,
  added datetime NOT NULL,
  PRIMARY KEY (id)
)
ENGINE = MYISAM,
AUTO_INCREMENT = 4,
AVG_ROW_LENGTH = 21,
CHARACTER SET utf8,
CHECKSUM = 0,
COLLATE utf8_general_ci;

--
-- Create table `sys_printer`
--
CREATE TABLE sys_printer (
  id int(11) NOT NULL AUTO_INCREMENT,
  title varchar(50) NOT NULL,
  status tinyint(4) NOT NULL,
  type enum ('usb', 'network', 'serial') NOT NULL,
  port varchar(7) NOT NULL,
  address varchar(255) NOT NULL,
  open_cash_drawer tinyint(1) NOT NULL DEFAULT 0,
  added datetime NOT NULL,
  PRIMARY KEY (id)
)
ENGINE = MYISAM,
AUTO_INCREMENT = 5,
AVG_ROW_LENGTH = 40,
CHARACTER SET utf8,
CHECKSUM = 0,
COLLATE utf8_general_ci;

--
-- Create table `sys_permission`
--
CREATE TABLE sys_permission (
  code varchar(255) NOT NULL,
  status tinyint(1) DEFAULT 1,
  added datetime DEFAULT NULL,
  PRIMARY KEY (code)
)
ENGINE = MYISAM,
CHARACTER SET utf8,
CHECKSUM = 0,
COLLATE utf8_general_ci;

--
-- Create table `sys_payment_method`
--
CREATE TABLE sys_payment_method (
  id int(11) NOT NULL AUTO_INCREMENT,
  code varchar(100) NOT NULL DEFAULT '',
  type enum ('auto', 'manual') DEFAULT 'manual',
  auto_discount_value decimal(10, 2) DEFAULT 0.00,
  pos_enabled tinyint(1) DEFAULT 1,
  web_enabled tinyint(1) DEFAULT 1,
  app_enabled tinyint(1) DEFAULT 1,
  is_cash tinyint(1) DEFAULT 0,
  autofill_amount tinyint(1) DEFAULT 0,
  title varchar(100) DEFAULT NULL,
  source_id int(11) DEFAULT 0,
  status tinyint(1) DEFAULT 1,
  added datetime DEFAULT NULL,
  PRIMARY KEY (id)
)
ENGINE = MYISAM,
AUTO_INCREMENT = 7,
AVG_ROW_LENGTH = 45,
CHARACTER SET utf8,
CHECKSUM = 0,
COLLATE utf8_general_ci;

--
-- Create table `sys_order_source`
--
CREATE TABLE sys_order_source (
  id int(11) NOT NULL AUTO_INCREMENT,
  title varchar(255) NOT NULL,
  print_label varchar(50) DEFAULT NULL,
  show_in_summary tinyint(1) DEFAULT 1,
  added datetime NOT NULL,
  PRIMARY KEY (id)
)
ENGINE = MYISAM,
AUTO_INCREMENT = 6,
AVG_ROW_LENGTH = 28,
CHARACTER SET utf8,
CHECKSUM = 0,
COLLATE utf8_general_ci;

--
-- Create table `sys_notification`
--
CREATE TABLE sys_notification (
  id int(11) NOT NULL AUTO_INCREMENT,
  type_id int(11) NOT NULL,
  user_id int(11) NOT NULL,
  url text NOT NULL,
  title varchar(255) NOT NULL,
  data text NOT NULL,
  read_at datetime NOT NULL,
  deleted tinyint(1) NOT NULL DEFAULT 0,
  deleted_at datetime NOT NULL,
  added datetime NOT NULL,
  PRIMARY KEY (id)
)
ENGINE = MYISAM,
CHARACTER SET utf8,
CHECKSUM = 0,
COLLATE utf8_general_ci;

--
-- Create table `sys_module`
--
CREATE TABLE sys_module (
  id int(11) NOT NULL AUTO_INCREMENT,
  type enum ('core', 'user') DEFAULT 'user',
  code varchar(20) NOT NULL,
  status tinyint(1) NOT NULL DEFAULT 1,
  added timestamp NOT NULL DEFAULT CURRENT_TIMESTAMP,
  PRIMARY KEY (id)
)
ENGINE = INNODB,
AUTO_INCREMENT = 37,
AVG_ROW_LENGTH = 1170,
CHARACTER SET utf8,
COLLATE utf8_general_ci;

--
-- Create index `code` on table `sys_module`
--
ALTER TABLE sys_module
ADD UNIQUE INDEX code (code);

--
-- Create table `sys_kitchen`
--
CREATE TABLE sys_kitchen (
  id int(11) NOT NULL AUTO_INCREMENT,
  title varchar(50) NOT NULL,
  printer_id int(11) NOT NULL,
  template_id int(11) NOT NULL,
  added datetime NOT NULL,
  PRIMARY KEY (id)
)
ENGINE = MYISAM,
AUTO_INCREMENT = 6,
AVG_ROW_LENGTH = 32,
CHARACTER SET utf8,
CHECKSUM = 0,
COLLATE utf8_general_ci;

--
-- Create table `sys_key`
--
CREATE TABLE sys_key (
  id int(11) NOT NULL AUTO_INCREMENT,
  user_id int(11) NOT NULL,
  `key` varchar(40) NOT NULL,
  level int(2) NOT NULL,
  ignore_limits tinyint(1) NOT NULL DEFAULT 0,
  is_private_key tinyint(1) NOT NULL DEFAULT 0,
  ip_addresses text DEFAULT NULL,
  date_created int(11) NOT NULL,
  PRIMARY KEY (id)
)
ENGINE = INNODB,
AUTO_INCREMENT = 8,
AVG_ROW_LENGTH = 4096,
CHARACTER SET utf8,
COLLATE utf8_general_ci;

--
-- Create table `sys_icon`
--
CREATE TABLE sys_icon (
  id int(11) NOT NULL AUTO_INCREMENT,
  title varchar(100) NOT NULL,
  added datetime NOT NULL,
  PRIMARY KEY (id)
)
ENGINE = MYISAM,
AUTO_INCREMENT = 16,
AVG_ROW_LENGTH = 30,
CHARACTER SET utf8,
CHECKSUM = 0,
COLLATE utf8_general_ci;

--
-- Create table `sys_etemplate`
--
CREATE TABLE sys_etemplate (
  id int(11) NOT NULL AUTO_INCREMENT,
  code varchar(50) NOT NULL,
  title varchar(50) NOT NULL,
  description text NOT NULL,
  status tinyint(4) NOT NULL,
  added datetime NOT NULL,
  PRIMARY KEY (id)
)
ENGINE = MYISAM,
AUTO_INCREMENT = 2,
AVG_ROW_LENGTH = 28,
CHARACTER SET utf8,
CHECKSUM = 0,
COLLATE utf8_general_ci;

--
-- Create table `sys_country`
--
CREATE TABLE sys_country (
  id int(11) NOT NULL AUTO_INCREMENT,
  name varchar(128) NOT NULL,
  status tinyint(1) NOT NULL DEFAULT 1,
  PRIMARY KEY (id)
)
ENGINE = MYISAM,
AUTO_INCREMENT = 39,
AVG_ROW_LENGTH = 20,
CHARACTER SET utf8,
CHECKSUM = 0,
COLLATE utf8_general_ci;

--
-- Create table `sys_city`
--
CREATE TABLE sys_city (
  id int(11) NOT NULL AUTO_INCREMENT,
  name varchar(50) NOT NULL,
  state_id int(11) NOT NULL,
  country_id int(11) NOT NULL,
  status tinyint(1) NOT NULL DEFAULT 1,
  added datetime NOT NULL,
  PRIMARY KEY (id)
)
ENGINE = MYISAM,
AUTO_INCREMENT = 347,
AVG_ROW_LENGTH = 33,
CHARACTER SET utf8,
CHECKSUM = 0,
COLLATE utf8_general_ci;

--
-- Create table `sys_carrier`
--
CREATE TABLE sys_carrier (
  id int(11) NOT NULL AUTO_INCREMENT,
  title varchar(255) DEFAULT NULL,
  status tinyint(1) DEFAULT 1,
  added datetime DEFAULT NULL,
  PRIMARY KEY (id)
)
ENGINE = MYISAM,
CHARACTER SET utf8,
CHECKSUM = 0,
COLLATE utf8_general_ci;

--
-- Create table `sys_app_currency`
--
CREATE TABLE sys_app_currency (
  id int(11) NOT NULL AUTO_INCREMENT,
  currency_id int(11) DEFAULT NULL,
  symbol varchar(10) DEFAULT NULL,
  `decimal` tinyint(2) DEFAULT NULL,
  title varchar(50) DEFAULT NULL,
  code varchar(50) DEFAULT NULL,
  country varchar(50) DEFAULT NULL,
  cnumber varchar(50) DEFAULT NULL,
  PRIMARY KEY (id)
)
ENGINE = MYISAM,
AUTO_INCREMENT = 3,
AVG_ROW_LENGTH = 50,
CHARACTER SET utf8,
CHECKSUM = 0,
COLLATE utf8_general_ci;

--
-- Create table `prm_reward_product`
--
CREATE TABLE prm_reward_product (
  id int(11) NOT NULL AUTO_INCREMENT,
  reward_id int(11) NOT NULL,
  promotion_id int(11) NOT NULL,
  item_id int(11) NOT NULL,
  sku_id int(11) NOT NULL DEFAULT 0,
  type enum ('include', 'exclude') NOT NULL,
  updated datetime NOT NULL,
  added datetime NOT NULL,
  PRIMARY KEY (id)
)
ENGINE = MYISAM,
CHARACTER SET utf8,
CHECKSUM = 0,
COLLATE utf8_general_ci;

--
-- Create table `prm_reward`
--
CREATE TABLE prm_reward (
  id int(11) NOT NULL AUTO_INCREMENT,
  promotion_id int(11) NOT NULL,
  product_type enum ('all', 'include', 'exclude') DEFAULT 'all',
  discount_type enum ('f', 'p', 'free') NOT NULL,
  discount_value decimal(12, 2) NOT NULL,
  updated datetime NOT NULL,
  added datetime NOT NULL,
  PRIMARY KEY (id)
)
ENGINE = MYISAM,
CHARACTER SET utf8,
CHECKSUM = 0,
COLLATE utf8_general_ci;

--
-- Create index `UK_prm_reward_promotion_id` on table `prm_reward`
--
ALTER TABLE prm_reward
ADD UNIQUE INDEX UK_prm_reward_promotion_id (promotion_id);

--
-- Create table `prm_promotion`
--
CREATE TABLE prm_promotion (
  id int(11) NOT NULL AUTO_INCREMENT,
  title varchar(50) NOT NULL,
  description text NOT NULL,
  offer_criteria text NOT NULL,
  offer_type enum ('basic', 'item', 'amount') NOT NULL DEFAULT 'basic',
  start_date datetime NOT NULL,
  end_date datetime NOT NULL,
  offer_days enum ('all', 'weekdays', 'weekend', 'custom') NOT NULL DEFAULT 'all',
  offer_custom_days text NOT NULL,
  customer_type enum ('all', 'custom') NOT NULL DEFAULT 'all',
  status tinyint(1) DEFAULT 1,
  updated datetime NOT NULL,
  added datetime NOT NULL,
  PRIMARY KEY (id)
)
ENGINE = MYISAM,
CHARACTER SET utf8,
CHECKSUM = 0,
COLLATE utf8_general_ci;

--
-- Create table `prm_outlet`
--
CREATE TABLE prm_outlet (
  promotion_id int(11) NOT NULL,
  outlet_id int(11) NOT NULL
)
ENGINE = MYISAM,
CHARACTER SET utf8,
CHECKSUM = 0,
COLLATE utf8_general_ci;

--
-- Create table `prm_criteria_product`
--
CREATE TABLE prm_criteria_product (
  id int(11) NOT NULL AUTO_INCREMENT,
  criteria_id int(11) NOT NULL,
  promotion_id int(11) NOT NULL,
  item_id int(11) NOT NULL,
  sku_id int(11) NOT NULL DEFAULT 0,
  type enum ('include', 'exclude') NOT NULL,
  status tinyint(1) NOT NULL DEFAULT 1,
  updated datetime NOT NULL,
  added datetime NOT NULL,
  PRIMARY KEY (id)
)
ENGINE = MYISAM,
CHARACTER SET utf8,
CHECKSUM = 0,
COLLATE utf8_general_ci;

--
-- Create table `prm_criteria`
--
CREATE TABLE prm_criteria (
  id int(11) NOT NULL AUTO_INCREMENT,
  promotion_id int(11) NOT NULL,
  product_type enum ('all', 'include', 'exclude') DEFAULT 'all',
  qty_type enum ('fixed', 'min_max') NOT NULL,
  min_qty int(11) NOT NULL,
  max_qty int(11) NOT NULL,
  min_amount decimal(12, 2) NOT NULL,
  updated datetime NOT NULL,
  added datetime NOT NULL,
  PRIMARY KEY (id)
)
ENGINE = MYISAM,
CHARACTER SET utf8,
CHECKSUM = 0,
COLLATE utf8_general_ci;

--
-- Create index `UK_prm_criteria_promotion_id` on table `prm_criteria`
--
ALTER TABLE prm_criteria
ADD UNIQUE INDEX UK_prm_criteria_promotion_id (promotion_id);

--
-- Create table `pos_session`
--
CREATE TABLE pos_session (
  id int(11) NOT NULL AUTO_INCREMENT,
  register_id int(11) NOT NULL,
  opening_user_id int(11) NOT NULL,
  closing_user_id int(11) DEFAULT NULL,
  opening_date datetime NOT NULL,
  closing_date datetime DEFAULT NULL,
  opening_cash decimal(16, 2) NOT NULL,
  closing_cash decimal(16, 2) DEFAULT NULL,
  take_out decimal(16, 2) DEFAULT 0.00,
  opening_note text NOT NULL,
  closing_note text DEFAULT NULL,
  status enum ('Open', 'Close') NOT NULL DEFAULT 'Open',
  added datetime NOT NULL,
  PRIMARY KEY (id)
)
ENGINE = MYISAM,
AUTO_INCREMENT = 2,
AVG_ROW_LENGTH = 60,
CHARACTER SET utf8,
CHECKSUM = 0,
COLLATE utf8_general_ci;

--
-- Create table `pos_register_session`
--
CREATE TABLE pos_register_session (
  id int(11) NOT NULL AUTO_INCREMENT,
  session_id int(11) NOT NULL,
  register_id int(11) NOT NULL,
  opening_user_id int(11) NOT NULL,
  closing_user_id int(11) DEFAULT NULL,
  opening_date datetime NOT NULL,
  closing_date datetime DEFAULT NULL,
  opening_cash decimal(16, 2) NOT NULL,
  closing_cash decimal(16, 2) DEFAULT NULL,
  take_out decimal(16, 2) DEFAULT NULL,
  opening_note text NOT NULL,
  closing_note text DEFAULT NULL,
  status enum ('Open', 'Close') NOT NULL DEFAULT 'Open',
  added datetime NOT NULL,
  PRIMARY KEY (id)
)
ENGINE = MYISAM,
AUTO_INCREMENT = 6,
AVG_ROW_LENGTH = 76,
CHARACTER SET utf8,
CHECKSUM = 0,
COLLATE utf8_general_ci;

--
-- Create table `ord_split_payment`
--
CREATE TABLE ord_split_payment (
  id int(11) NOT NULL AUTO_INCREMENT,
  split_id int(11) NOT NULL,
  order_id int(11) NOT NULL,
  payment_id int(11) NOT NULL,
  PRIMARY KEY (id)
)
ENGINE = MYISAM,
CHARACTER SET utf8,
CHECKSUM = 0,
COLLATE utf8_general_ci;

--
-- Create table `ord_split_item`
--
CREATE TABLE ord_split_item (
  id int(11) NOT NULL AUTO_INCREMENT,
  split_id int(11) NOT NULL,
  order_id int(11) NOT NULL,
  order_item_id int(11) NOT NULL,
  taxable tinyint(1) NOT NULL DEFAULT 1,
  quantity decimal(16, 2) NOT NULL,
  rate decimal(16, 2) NOT NULL,
  amount decimal(16, 2) NOT NULL,
  added datetime NOT NULL,
  PRIMARY KEY (id)
)
ENGINE = MYISAM,
CHARACTER SET utf8,
CHECKSUM = 0,
COLLATE utf8_general_ci;

--
-- Create table `ord_split`
--
CREATE TABLE ord_split (
  id int(11) NOT NULL AUTO_INCREMENT,
  title varchar(50) NOT NULL,
  order_no varchar(50) NOT NULL,
  order_id int(11) NOT NULL,
  customer_id int(11) NOT NULL,
  billing_name varchar(100) NOT NULL,
  discount_type enum ('f', 'p') NOT NULL DEFAULT 'f',
  duty_total decimal(16, 2) NOT NULL,
  freight_total decimal(16, 2) NOT NULL,
  gratuity_rate decimal(10, 0) NOT NULL,
  gratuity_total decimal(16, 2) NOT NULL,
  tax_rate varchar(10) NOT NULL,
  sub_total decimal(16, 2) NOT NULL,
  tax_total decimal(16, 2) NOT NULL,
  `change` decimal(16, 2) DEFAULT 0.00,
  tip decimal(16, 2) DEFAULT 0.00,
  promotion_total decimal(16, 2) NOT NULL DEFAULT 0.00,
  discount decimal(16, 2) DEFAULT 0.00,
  discount_value decimal(16, 2) DEFAULT 0.00,
  adjustment decimal(16, 2) DEFAULT 0.00,
  grand_total decimal(16, 2) NOT NULL,
  added datetime NOT NULL,
  PRIMARY KEY (id)
)
ENGINE = MYISAM,
CHARACTER SET utf8,
CHECKSUM = 0,
COLLATE utf8_general_ci;

--
-- Create table `ord_promotion`
--
CREATE TABLE ord_promotion (
  id int(11) NOT NULL AUTO_INCREMENT,
  order_id int(11) NOT NULL,
  promotion_id int(11) NOT NULL,
  PRIMARY KEY (id)
)
ENGINE = MYISAM,
CHARACTER SET utf8,
CHECKSUM = 0,
COLLATE utf8_general_ci;

--
-- Create table `ord_print_queue`
--
CREATE TABLE ord_print_queue (
  id int(11) NOT NULL AUTO_INCREMENT,
  order_id int(11) NOT NULL,
  added datetime NOT NULL,
  PRIMARY KEY (id)
)
ENGINE = MYISAM,
AUTO_INCREMENT = 2,
CHARACTER SET utf8,
CHECKSUM = 0,
COLLATE utf8_general_ci;

--
-- Create table `ord_payment_refund`
--
CREATE TABLE ord_payment_refund (
  id int(11) NOT NULL AUTO_INCREMENT,
  order_id int(11) NOT NULL,
  payment_id int(11) NOT NULL,
  payment_method_id int(11) NOT NULL,
  amount decimal(16, 2) NOT NULL,
  added datetime NOT NULL,
  PRIMARY KEY (id)
)
ENGINE = MYISAM,
CHARACTER SET utf8,
CHECKSUM = 0,
COLLATE utf8_general_ci;

--
-- Create table `ord_payment_description`
--
CREATE TABLE ord_payment_description (
  id int(11) NOT NULL AUTO_INCREMENT,
  payment_id int(11) NOT NULL,
  transaction_id varchar(255) NOT NULL,
  source_data blob NOT NULL,
  added datetime NOT NULL,
  PRIMARY KEY (id)
)
ENGINE = MYISAM,
CHARACTER SET utf8,
CHECKSUM = 0,
COLLATE utf8_general_ci;

--
-- Create table `ord_payment`
--
CREATE TABLE ord_payment (
  id int(11) NOT NULL AUTO_INCREMENT,
  order_id int(11) NOT NULL,
  payment_method_id int(11) NOT NULL,
  customer_id int(11) NOT NULL,
  order_no varchar(50) NOT NULL,
  reference_no varchar(50) NOT NULL,
  payment_date datetime NOT NULL,
  tip decimal(16, 2) NOT NULL,
  amount decimal(16, 2) NOT NULL,
  notes text NOT NULL,
  added datetime NOT NULL,
  PRIMARY KEY (id)
)
ENGINE = MYISAM,
AUTO_INCREMENT = 2,
AVG_ROW_LENGTH = 76,
CHARACTER SET utf8,
CHECKSUM = 0,
COLLATE utf8_general_ci;

--
-- Create index `order_no` on table `ord_payment`
--
ALTER TABLE ord_payment
ADD UNIQUE INDEX order_no (order_no);

--
-- Create table `ord_order_item_note`
--
CREATE TABLE ord_order_item_note (
  id int(11) NOT NULL AUTO_INCREMENT,
  order_item_id int(11) NOT NULL,
  item_id int(11) NOT NULL,
  title varchar(100) NOT NULL,
  added datetime NOT NULL,
  PRIMARY KEY (id)
)
ENGINE = MYISAM,
CHARACTER SET utf8,
CHECKSUM = 0,
COLLATE utf8_general_ci;

--
-- Create table `ord_order_item_addon`
--
CREATE TABLE ord_order_item_addon (
  id int(11) NOT NULL AUTO_INCREMENT,
  order_item_id int(11) NOT NULL,
  item_id int(11) NOT NULL,
  type varchar(100) NOT NULL,
  title varchar(100) NOT NULL,
  quantity decimal(16, 0) NOT NULL,
  rate decimal(16, 2) NOT NULL,
  added datetime NOT NULL,
  PRIMARY KEY (id)
)
ENGINE = MYISAM,
CHARACTER SET utf8,
CHECKSUM = 0,
COLLATE utf8_general_ci;

--
-- Create table `ord_order_item`
--
CREATE TABLE ord_order_item (
  id int(11) NOT NULL AUTO_INCREMENT,
  type varchar(10) NOT NULL,
  part_no tinyint(4) NOT NULL DEFAULT 1,
  print_location varchar(20) NOT NULL DEFAULT 'default',
  printed_qty tinyint(4) NOT NULL DEFAULT 0,
  print_kitchen tinyint(1) NOT NULL DEFAULT 1,
  order_id int(11) NOT NULL,
  item_id int(11) NOT NULL,
  parent_id int(11) NOT NULL,
  unit_id int(11) NOT NULL,
  title varchar(100) NOT NULL,
  taxable tinyint(1) NOT NULL DEFAULT 1,
  quantity decimal(16, 2) NOT NULL,
  rate decimal(16, 2) NOT NULL,
  amount decimal(16, 2) NOT NULL,
  has_spice_level tinyint(1) NOT NULL DEFAULT 0,
  spice_level varchar(20) NOT NULL DEFAULT 'medium',
  notes text NOT NULL,
  added datetime NOT NULL,
  PRIMARY KEY (id)
)
ENGINE = MYISAM,
AUTO_INCREMENT = 3,
AVG_ROW_LENGTH = 84,
CHARACTER SET utf8,
CHECKSUM = 0,
COLLATE utf8_general_ci;

--
-- Create table `ord_order`
--
CREATE TABLE ord_order (
  id int(11) NOT NULL AUTO_INCREMENT,
  type enum ('d', 'p', 'dine') NOT NULL DEFAULT 'd',
  split_type enum ('none', 'equal', 'item') NOT NULL DEFAULT 'none',
  order_no varchar(50) NOT NULL,
  session_order_no int(11) NOT NULL,
  ext_order_no varchar(50) NOT NULL DEFAULT '',
  source_id int(11) NOT NULL,
  customer_id int(11) NOT NULL,
  outlet_id int(11) NOT NULL,
  billing_name varchar(100) NOT NULL,
  register_session_id int(11) NOT NULL,
  opening_register_id int(11) NOT NULL,
  close_register_id int(11) NOT NULL,
  session_id int(11) NOT NULL,
  employee_id int(11) NOT NULL,
  order_date datetime NOT NULL,
  discount_type enum ('f', 'p') NOT NULL DEFAULT 'f',
  duty_total decimal(16, 2) NOT NULL,
  freight_total decimal(16, 2) NOT NULL,
  gratuity_rate decimal(10, 0) NOT NULL,
  gratuity_total decimal(16, 2) NOT NULL,
  seat_used decimal(10, 0) NOT NULL,
  tax_rate varchar(10) NOT NULL,
  sub_total decimal(16, 2) NOT NULL,
  tax_total decimal(16, 2) NOT NULL,
  `change` decimal(16, 2) DEFAULT 0.00,
  tip decimal(16, 2) DEFAULT 0.00,
  promotion_total decimal(16, 2) NOT NULL DEFAULT 0.00,
  discount decimal(16, 2) DEFAULT 0.00,
  discount_value decimal(16, 2) DEFAULT 0.00,
  adjustment decimal(16, 2) DEFAULT 0.00,
  grand_total decimal(16, 2) NOT NULL,
  order_status enum ('Draft', 'Confirmed', 'Preparing', 'Ready', 'Closed', 'Cancelled', 'Refunded', 'Partial_refunded', 'Deleted') NOT NULL,
  cancelled tinyint(1) NOT NULL DEFAULT 0,
  notes text NOT NULL,
  added datetime NOT NULL,
  PRIMARY KEY (id)
)
ENGINE = MYISAM,
AUTO_INCREMENT = 3,
AVG_ROW_LENGTH = 198,
CHARACTER SET utf8,
CHECKSUM = 0,
COLLATE utf8_general_ci;

--
-- Create index `session_order_no` on table `ord_order`
--
ALTER TABLE ord_order
ADD UNIQUE INDEX session_order_no (session_order_no);

--
-- Create table `ord_address`
--
CREATE TABLE ord_address (
  id int(11) NOT NULL AUTO_INCREMENT,
  order_id int(11) NOT NULL,
  address1 varchar(100) NOT NULL,
  address2 varchar(100) NOT NULL,
  city varchar(50) NOT NULL,
  state varchar(50) NOT NULL,
  zip_code varchar(10) NOT NULL,
  country varchar(50) NOT NULL,
  added datetime NOT NULL,
  PRIMARY KEY (id)
)
ENGINE = MYISAM,
CHARACTER SET utf8,
CHECKSUM = 0,
COLLATE utf8_general_ci;

--
-- Create table `mig_warehouses`
--
CREATE TABLE mig_warehouses (
  version bigint(20) NOT NULL
)
ENGINE = MYISAM,
AVG_ROW_LENGTH = 9,
CHARACTER SET utf8,
CHECKSUM = 0,
COLLATE utf8_general_ci;

--
-- Create table `mig_wapi`
--
CREATE TABLE mig_wapi (
  version bigint(20) NOT NULL
)
ENGINE = MYISAM,
AVG_ROW_LENGTH = 9,
CHARACTER SET utf8,
CHECKSUM = 0,
COLLATE utf8_general_ci;

--
-- Create table `mig_reports`
--
CREATE TABLE mig_reports (
  version bigint(20) NOT NULL
)
ENGINE = MYISAM,
AVG_ROW_LENGTH = 9,
CHARACTER SET utf8,
CHECKSUM = 0,
COLLATE utf8_general_ci;

--
-- Create table `mig_registers`
--
CREATE TABLE mig_registers (
  version bigint(20) NOT NULL
)
ENGINE = MYISAM,
AVG_ROW_LENGTH = 9,
CHARACTER SET utf8,
CHECKSUM = 0,
COLLATE utf8_general_ci;

--
-- Create table `mig_promotions`
--
CREATE TABLE mig_promotions (
  version bigint(20) NOT NULL
)
ENGINE = MYISAM,
AVG_ROW_LENGTH = 9,
CHARACTER SET utf8,
CHECKSUM = 0,
COLLATE utf8_general_ci;

--
-- Create table `mig_printers`
--
CREATE TABLE mig_printers (
  version bigint(20) NOT NULL
)
ENGINE = MYISAM,
AVG_ROW_LENGTH = 9,
CHARACTER SET utf8,
CHECKSUM = 0,
COLLATE utf8_general_ci;

--
-- Create table `mig_pos`
--
CREATE TABLE mig_pos (
  version bigint(20) NOT NULL
)
ENGINE = MYISAM,
AVG_ROW_LENGTH = 9,
CHARACTER SET utf8,
CHECKSUM = 0,
COLLATE utf8_general_ci;

--
-- Create table `mig_outlets`
--
CREATE TABLE mig_outlets (
  version bigint(20) NOT NULL
)
ENGINE = MYISAM,
AVG_ROW_LENGTH = 9,
CHARACTER SET utf8,
CHECKSUM = 0,
COLLATE utf8_general_ci;

--
-- Create table `mig_orders`
--
CREATE TABLE mig_orders (
  version bigint(20) NOT NULL
)
ENGINE = MYISAM,
AVG_ROW_LENGTH = 9,
CHARACTER SET utf8,
CHECKSUM = 0,
COLLATE utf8_general_ci;

--
-- Create table `mig_notifications`
--
CREATE TABLE mig_notifications (
  version bigint(20) NOT NULL
)
ENGINE = MYISAM,
AVG_ROW_LENGTH = 9,
CHARACTER SET utf8,
CHECKSUM = 0,
COLLATE utf8_general_ci;

--
-- Create table `mig_kitchens`
--
CREATE TABLE mig_kitchens (
  version bigint(20) NOT NULL
)
ENGINE = MYISAM,
AVG_ROW_LENGTH = 9,
CHARACTER SET utf8,
CHECKSUM = 0,
COLLATE utf8_general_ci;

--
-- Create table `mig_items`
--
CREATE TABLE mig_items (
  version bigint(20) NOT NULL
)
ENGINE = MYISAM,
AVG_ROW_LENGTH = 9,
CHARACTER SET utf8,
CHECKSUM = 0,
COLLATE utf8_general_ci;

--
-- Create table `mig_etemplates`
--
CREATE TABLE mig_etemplates (
  version bigint(20) NOT NULL
)
ENGINE = MYISAM,
AVG_ROW_LENGTH = 9,
CHARACTER SET utf8,
CHECKSUM = 0,
COLLATE utf8_general_ci;

--
-- Create table `mig_employees`
--
CREATE TABLE mig_employees (
  version bigint(20) NOT NULL
)
ENGINE = MYISAM,
AVG_ROW_LENGTH = 9,
CHARACTER SET utf8,
CHECKSUM = 0,
COLLATE utf8_general_ci;

--
-- Create table `mig_contacts`
--
CREATE TABLE mig_contacts (
  version bigint(20) NOT NULL
)
ENGINE = MYISAM,
AVG_ROW_LENGTH = 9,
CHARACTER SET utf8,
CHECKSUM = 0,
COLLATE utf8_general_ci;

--
-- Create table `mig_areas`
--
CREATE TABLE mig_areas (
  version bigint(20) NOT NULL
)
ENGINE = MYISAM,
AVG_ROW_LENGTH = 9,
CHARACTER SET utf8,
CHECKSUM = 0,
COLLATE utf8_general_ci;

--
-- Create table `mas_currencies`
--
CREATE TABLE mas_currencies (
  id int(11) NOT NULL AUTO_INCREMENT,
  country varchar(255) DEFAULT NULL,
  title varchar(255) DEFAULT NULL,
  code varchar(255) DEFAULT NULL,
  cnumber varchar(255) DEFAULT NULL,
  PRIMARY KEY (id)
)
ENGINE = MYISAM,
CHARACTER SET utf8,
CHECKSUM = 0,
COLLATE utf8_general_ci;

--
-- Create table `itm_note`
--
CREATE TABLE itm_note (
  id int(11) NOT NULL AUTO_INCREMENT,
  item_id int(11) NOT NULL,
  title varchar(100) NOT NULL,
  added datetime NOT NULL,
  PRIMARY KEY (id)
)
ENGINE = MYISAM,
AUTO_INCREMENT = 4,
AVG_ROW_LENGTH = 26,
CHARACTER SET utf8,
CHECKSUM = 0,
COLLATE utf8_general_ci;

--
-- Create table `itm_item`
--
CREATE TABLE itm_item (
  id int(11) NOT NULL AUTO_INCREMENT,
  code varchar(10) NOT NULL,
  type varchar(10) NOT NULL,
  parent int(11) NOT NULL,
  outlet_id int(11) NOT NULL,
  title varchar(100) NOT NULL,
  category_id int(11) NOT NULL,
  taxable tinyint(1) NOT NULL DEFAULT 1,
  unit_id int(11) NOT NULL,
  image text NOT NULL,
  icon text NOT NULL,
  is_addon tinyint(1) NOT NULL DEFAULT 0,
  has_spice_level tinyint(1) NOT NULL DEFAULT 0,
  is_veg tinyint(1) NOT NULL,
  print_location varchar(20) NOT NULL DEFAULT 'default',
  rate decimal(16, 2) NOT NULL,
  pos_status tinyint(1) NOT NULL,
  web_status tinyint(1) NOT NULL,
  app_status tinyint(1) NOT NULL,
  created_by int(11) NOT NULL,
  added datetime NOT NULL,
  PRIMARY KEY (id)
)
ENGINE = MYISAM,
AUTO_INCREMENT = 21,
AVG_ROW_LENGTH = 86,
CHARACTER SET utf8,
CHECKSUM = 0,
COLLATE utf8_general_ci;

--
-- Create index `code` on table `itm_item`
--
ALTER TABLE itm_item
ADD UNIQUE INDEX code (code);

--
-- Create table `itm_category`
--
CREATE TABLE itm_category (
  id int(11) NOT NULL AUTO_INCREMENT,
  title varchar(100) NOT NULL,
  sort_order int(4) NOT NULL DEFAULT 0,
  web_status tinyint(1) NOT NULL DEFAULT 1,
  pos_status tinyint(1) NOT NULL DEFAULT 1,
  app_status tinyint(1) NOT NULL DEFAULT 1,
  parent int(4) NOT NULL DEFAULT 0,
  added datetime NOT NULL,
  PRIMARY KEY (id)
)
ENGINE = MYISAM,
AUTO_INCREMENT = 3,
AVG_ROW_LENGTH = 26,
CHARACTER SET utf8,
CHECKSUM = 0,
COLLATE utf8_general_ci;

--
-- Create index `title` on table `itm_category`
--
ALTER TABLE itm_category
ADD UNIQUE INDEX title (title);

--
-- Create table `emp_shift`
--
CREATE TABLE emp_shift (
  id int(11) NOT NULL AUTO_INCREMENT,
  outlet_id int(11) NOT NULL,
  employee_id int(11) NOT NULL,
  session_id int(11) NOT NULL,
  opening_register_id int(11) NOT NULL,
  close_register_id int(11) DEFAULT NULL,
  take_out decimal(10, 2) DEFAULT NULL,
  start_shift datetime NOT NULL,
  end_shift datetime DEFAULT NULL,
  PRIMARY KEY (id)
)
ENGINE = MYISAM,
AUTO_INCREMENT = 2,
AVG_ROW_LENGTH = 40,
CHARACTER SET utf8,
CHECKSUM = 0,
COLLATE utf8_general_ci;

--
-- Create table `emp_employee`
--
CREATE TABLE emp_employee (
  id int(11) NOT NULL AUTO_INCREMENT,
  outlet_id int(11) NOT NULL,
  first_name varchar(50) NOT NULL,
  last_name varchar(50) NOT NULL,
  email varchar(100) NOT NULL,
  mobile varchar(15) NOT NULL,
  code varchar(6) NOT NULL,
  status tinyint(1) NOT NULL DEFAULT 1,
  deleted tinyint(1) NOT NULL DEFAULT 0,
  added datetime NOT NULL,
  PRIMARY KEY (id)
)
ENGINE = MYISAM,
AUTO_INCREMENT = 4,
AVG_ROW_LENGTH = 73,
CHARACTER SET utf8,
CHECKSUM = 0,
COLLATE utf8_general_ci;

--
-- Create table `con_vendor_add_contact`
--
CREATE TABLE con_vendor_add_contact (
  id int(11) NOT NULL AUTO_INCREMENT,
  contact_id int(11) DEFAULT NULL,
  salutation_id int(11) DEFAULT NULL,
  position varchar(50) NOT NULL,
  department_id int(11) NOT NULL,
  first_name varchar(50) NOT NULL,
  last_name varchar(50) NOT NULL,
  email varchar(50) NOT NULL,
  phone varchar(20) NOT NULL,
  added datetime NOT NULL,
  PRIMARY KEY (id)
)
ENGINE = MYISAM,
CHARACTER SET utf8,
CHECKSUM = 0,
COLLATE utf8_general_ci;

--
-- Create table `con_vendor_address`
--
CREATE TABLE con_vendor_address (
  id int(11) NOT NULL AUTO_INCREMENT,
  attention varchar(100) NOT NULL,
  address1 varchar(100) NOT NULL,
  address2 varchar(100) NOT NULL,
  city varchar(50) NOT NULL,
  state varchar(50) NOT NULL,
  zip_code varchar(10) NOT NULL,
  country varchar(50) NOT NULL,
  phone varchar(20) NOT NULL,
  added datetime NOT NULL,
  PRIMARY KEY (id)
)
ENGINE = MYISAM,
CHARACTER SET utf8,
CHECKSUM = 0,
COLLATE utf8_general_ci;

--
-- Create table `con_vendor`
--
CREATE TABLE con_vendor (
  id int(11) NOT NULL AUTO_INCREMENT,
  vendor_id varchar(10) NOT NULL,
  salutation_id int(11) DEFAULT NULL,
  first_name varchar(50) NOT NULL,
  last_name varchar(50) NOT NULL,
  position varchar(50) NOT NULL,
  company_name varchar(100) NOT NULL,
  display_name varchar(100) NOT NULL,
  email varchar(50) NOT NULL,
  additional_emails text NOT NULL,
  phone varchar(20) NOT NULL,
  baddress_id int(11) NOT NULL,
  saddress_id int(11) NOT NULL,
  designation varchar(50) NOT NULL,
  department varchar(50) NOT NULL,
  currency_id int(11) DEFAULT NULL,
  currency_code varchar(5) NOT NULL,
  price_list_id int(11) DEFAULT NULL,
  payment_terms varchar(5) NOT NULL,
  notes text NOT NULL,
  status tinyint(1) NOT NULL DEFAULT 1,
  deleted tinyint(1) NOT NULL DEFAULT 0,
  added datetime NOT NULL,
  PRIMARY KEY (id)
)
ENGINE = MYISAM,
CHARACTER SET utf8,
CHECKSUM = 0,
COLLATE utf8_general_ci;

--
-- Create table `con_salutation`
--
CREATE TABLE con_salutation (
  id int(11) NOT NULL AUTO_INCREMENT,
  title varchar(10) NOT NULL,
  added datetime NOT NULL,
  PRIMARY KEY (id)
)
ENGINE = MYISAM,
AUTO_INCREMENT = 6,
AVG_ROW_LENGTH = 20,
CHARACTER SET utf8,
CHECKSUM = 0,
COLLATE utf8_general_ci;

--
-- Create table `con_customer_groups`
--
CREATE TABLE con_customer_groups (
  id int(11) NOT NULL AUTO_INCREMENT,
  title varchar(10) NOT NULL,
  pos_discount decimal(5, 2) NOT NULL DEFAULT 0.00,
  web_discount decimal(5, 2) NOT NULL DEFAULT 0.00,
  app_discount decimal(5, 2) NOT NULL DEFAULT 0.00,
  status tinyint(1) NOT NULL DEFAULT 1,
  added datetime NOT NULL,
  PRIMARY KEY (id)
)
ENGINE = MYISAM,
AUTO_INCREMENT = 2,
AVG_ROW_LENGTH = 32,
CHARACTER SET utf8,
CHECKSUM = 0,
COLLATE utf8_general_ci;

--
-- Create table `con_customer_address`
--
CREATE TABLE con_customer_address (
  id int(11) NOT NULL AUTO_INCREMENT,
  customer_id int(11) DEFAULT NULL,
  title varchar(50) DEFAULT NULL,
  address1 varchar(100) NOT NULL,
  address2 varchar(100) NOT NULL,
  city_id int(11) DEFAULT NULL,
  state_id int(11) DEFAULT NULL,
  zip_code varchar(10) NOT NULL,
  country_id int(11) DEFAULT NULL,
  added datetime NOT NULL,
  PRIMARY KEY (id)
)
ENGINE = MYISAM,
AUTO_INCREMENT = 21,
AVG_ROW_LENGTH = 24,
CHARACTER SET utf8,
CHECKSUM = 0,
COLLATE utf8_general_ci;

--
-- Create table `con_customer`
--
CREATE TABLE con_customer (
  id int(11) NOT NULL AUTO_INCREMENT,
  customer_id varchar(10) NOT NULL,
  group_id int(11) DEFAULT NULL,
  default_address_id int(11) DEFAULT NULL,
  first_name varchar(50) NOT NULL,
  last_name varchar(50) NOT NULL,
  display_name varchar(100) NOT NULL,
  email varchar(50) DEFAULT NULL,
  phone varchar(50) DEFAULT NULL,
  password varchar(50) DEFAULT NULL,
  notes text NOT NULL,
  member_number varchar(20) DEFAULT NULL,
  full_vaccinated tinyint(1) DEFAULT 0,
  status tinyint(1) NOT NULL DEFAULT 1,
  deleted tinyint(1) NOT NULL DEFAULT 0,
  added datetime NOT NULL,
  PRIMARY KEY (id)
)
ENGINE = MYISAM,
AUTO_INCREMENT = 40,
AVG_ROW_LENGTH = 96,
CHARACTER SET utf8,
CHECKSUM = 0,
COLLATE utf8_general_ci;

--
-- Create index `UK_customer_email` on table `con_customer`
--
ALTER TABLE con_customer
ADD UNIQUE INDEX UK_customer_email (email);

--
-- Create index `UK_customer_phone` on table `con_customer`
--
ALTER TABLE con_customer
ADD UNIQUE INDEX UK_customer_phone (phone);

--
-- Create table `ara_table`
--
CREATE TABLE ara_table (
  id int(11) NOT NULL AUTO_INCREMENT,
  area_id int(11) NOT NULL,
  user_id int(11) NOT NULL,
  session_id int(11) NOT NULL,
  title varchar(50) NOT NULL,
  short_name varchar(50) NOT NULL,
  description text NOT NULL,
  sort_order int(11) DEFAULT 0,
  max_seat int(11) NOT NULL,
  seat_used int(11) NOT NULL,
  status enum ('available', 'engaged') NOT NULL DEFAULT 'available',
  use_since datetime NOT NULL,
  deleted tinyint(1) NOT NULL DEFAULT 0,
  updated datetime NOT NULL,
  added datetime NOT NULL,
  PRIMARY KEY (id)
)
ENGINE = MYISAM,
AUTO_INCREMENT = 2,
AVG_ROW_LENGTH = 56,
CHARACTER SET utf8,
CHECKSUM = 0,
COLLATE utf8_general_ci;

--
-- Create table `ara_session`
--
CREATE TABLE ara_session (
  id int(11) NOT NULL AUTO_INCREMENT,
  table_id int(11) NOT NULL,
  user_id int(11) NOT NULL,
  session_start datetime NOT NULL,
  session_end datetime NOT NULL,
  PRIMARY KEY (id)
)
ENGINE = MYISAM,
AUTO_INCREMENT = 37,
AVG_ROW_LENGTH = 23,
CHARACTER SET utf8,
CHECKSUM = 0,
COLLATE utf8_general_ci;

--
-- Create table `ara_relation`
--
CREATE TABLE ara_relation (
  id int(11) NOT NULL AUTO_INCREMENT,
  table_id int(11) NOT NULL,
  order_id int(11) NOT NULL,
  session_id int(11) NOT NULL,
  PRIMARY KEY (id)
)
ENGINE = MYISAM,
AUTO_INCREMENT = 34,
AVG_ROW_LENGTH = 17,
CHARACTER SET utf8,
CHECKSUM = 0,
COLLATE utf8_general_ci;

--
-- Create table `ara_area`
--
CREATE TABLE ara_area (
  id int(11) NOT NULL AUTO_INCREMENT,
  user_id int(11) NOT NULL,
  title varchar(50) NOT NULL,
  description text NOT NULL,
  sort_order int(11) DEFAULT 0,
  updated datetime NOT NULL,
  added datetime NOT NULL,
  PRIMARY KEY (id)
)
ENGINE = MYISAM,
AUTO_INCREMENT = 2,
AVG_ROW_LENGTH = 32,
CHARACTER SET utf8,
CHECKSUM = 0,
COLLATE utf8_general_ci;

-- 
-- Dumping data for table web_session
--
INSERT INTO web_session VALUES
(1, 10, '24692206f59c19ccfde46d1f45ec6c26', '116.72.10.175', 1617965775, NULL),
(44, 6, 'dd099b0b72cd6afd2eb1d986bfd79161', '::1', 1633582668, NULL),
(3, 11, 'ec4c08b522c3daabc37066e78913201d', '75.158.38.226', 1619303358, NULL),
(4, 12, '39203a791e51e26f22044e38f0a212fa', '::1', 1620796016, NULL),
(17, 24, '2854918923c3720d3181c2a1546d8bc3', '::1', 1621232326, NULL),
(14, 20, '96359522a60261f5f3f2393a0cdcbef7', '::1', 1621232055, NULL),
(15, 22, '0b1506c7a19c9ee94e1a69cdc6975366', '::1', 1621232130, NULL),
(16, 23, 'ffb6798d1a2a8b75bb9d444de9637aa8', '::1', 1621232190, NULL),
(18, 33, '18f3a12f2bce95a74dc13be58a2c16a5', '::1', 1632807053, NULL),
(19, 35, '26689d0590ba872dd16ef8c42fbb3c62', '::1', 1632807135, NULL),
(20, 36, 'a3b3d4d774283b78b986365fa6c4e6e7', '::1', 1632812455, NULL);

-- 
-- Dumping data for table usr_user_to_warehouse
--
INSERT INTO usr_user_to_warehouse VALUES
(8, 5, '2021-10-13 18:29:23'),
(9, 6, '2021-10-14 15:24:02');

-- 
-- Dumping data for table usr_user_to_register
--
INSERT INTO usr_user_to_register VALUES
(6, 1, '2021-09-22 16:27:12'),
(7, 2, '2021-09-22 16:39:38');

-- 
-- Dumping data for table usr_user
--
INSERT INTO usr_user VALUES
(1, 1, 'Chintan', 'Bagdawala', NULL, NULL, NULL, NULL, NULL, 'chintan@bagdawala.com', '219ae01b80ac9c1e627f903fd6377d9cbaaaebdc', 'dashboard', 1, 0, NULL),
(2, 4, 'Mulani', 'Paan', NULL, NULL, NULL, NULL, NULL, 'm1@inntechpos.com', '3603d61aa4d4983f2a05f0032345e4efe04d51a1', 'dashboard', 1, 0, '2020-09-10 07:32:07'),
(3, 5, 'Employee', '1', NULL, NULL, NULL, NULL, NULL, 'e1@inntechpos.com', 'b20616197f1973aa3accb1605096d0f6d451a434', 'pos', 1, 0, '2020-11-10 20:46:37'),
(4, 5, 'Employee', '2', NULL, NULL, NULL, NULL, NULL, 'e2@inntechpos.com', 'b20616197f1973aa3accb1605096d0f6d451a434', 'pos', 1, 0, '2020-11-10 20:47:26'),
(5, 10, 'Tablet', 'User', NULL, NULL, NULL, NULL, NULL, 'tablet@user.com', '219ae01b80ac9c1e627f903fd6377d9cbaaaebdc', 'pos', 1, 0, '2021-09-21 11:21:38'),
(6, 5, 'Test', 'Test', NULL, NULL, NULL, NULL, NULL, 'test@gmail.com', '219ae01b80ac9c1e627f903fd6377d9cbaaaebdc', 'pos', 1, 0, '2021-09-22 16:27:12'),
(7, 5, 'Test', 'Test', NULL, NULL, NULL, NULL, NULL, 'test2@gmail.com', '219ae01b80ac9c1e627f903fd6377d9cbaaaebdc', 'pos', 1, 0, '2021-09-22 16:39:38'),
(8, 3, 'Ina', 'Mullen', NULL, NULL, NULL, NULL, 'In quia ea labo', 'myka@inntechpos.com', '219ae01b80ac9c1e627f903fd6377d9cbaaaebdc', NULL, 1, 0, '2021-10-13 18:29:23'),
(9, 3, '', '', NULL, NULL, NULL, NULL, '', '', '0303c6e6494c502e4d59900f69cc50b92eda0865', NULL, 1, 0, '2021-10-14 15:24:02');

-- 
-- Dumping data for table usr_meta
--
-- Table inntech_pos_v2_db.usr_meta does not contain any data (it is empty)

-- 
-- Dumping data for table usr_group
--
INSERT INTO usr_group VALUES
(1, 1, 'Super Administrator', 1, 0, 'a:118:{i:0;s:5:"areas";i:1;s:9:"areas/add";i:2;s:10:"areas/edit";i:3;s:12:"areas/tables";i:4;s:16:"areas/tables/add";i:5;s:17:"areas/tables/edit";i:6;s:18:"contacts/customers";i:7;s:22:"contacts/customers/add";i:8;s:23:"contacts/customers/edit";i:9;s:25:"contacts/customers/export";i:10;s:25:"contacts/customers/remove";i:11;s:24:"contacts/customer_groups";i:12;s:28:"contacts/customer_groups/add";i:13;s:29:"contacts/customer_groups/edit";i:14;s:20:"contacts/salutations";i:15;s:16:"contacts/vendors";i:16;s:20:"contacts/vendors/add";i:17;s:21:"contacts/vendors/edit";i:18;s:23:"contacts/vendors/import";i:19;s:23:"contacts/vendors/remove";i:20;s:9:"dashboard";i:21;s:9:"developer";i:22;s:9:"employees";i:23;s:13:"employees/add";i:24;s:14:"employees/edit";i:25;s:5:"items";i:26;s:9:"items/add";i:27;s:17:"items/addon_items";i:28;s:21:"items/addon_items/add";i:29;s:22:"items/addon_items/edit";i:30;s:17:"items/adjustments";i:31;s:21:"items/adjustments/add";i:32;s:16:"items/categories";i:33;s:20:"items/categories/add";i:34;s:21:"items/categories/edit";i:35;s:10:"items/edit";i:36;s:13:"items/exports";i:37;s:11:"items/icons";i:38;s:15:"items/icons/add";i:39;s:16:"items/icons/edit";i:40;s:13:"items/imports";i:41;s:21:"items/item_composites";i:42;s:25:"items/item_composites/add";i:43;s:17:"items/item_groups";i:44;s:21:"items/item_groups/add";i:45;s:22:"items/item_groups/edit";i:46;s:24:"items/item_groups/export";i:47;s:34:"items/item_groups/update_inventory";i:48;s:28:"items/item_groups/update_soh";i:49;s:15:"items/transfers";i:50;s:19:"items/transfers/add";i:51;s:8:"kitchens";i:52;s:12:"kitchens/add";i:53;s:13:"kitchens/edit";i:54;s:13:"notifications";i:55;s:6:"orders";i:56;s:10:"orders/add";i:57;s:11:"orders/edit";i:58;s:20:"orders/order_sources";i:59;s:24:"orders/order_sources/add";i:60;s:25:"orders/order_sources/edit";i:61;s:15:"orders/payments";i:62;s:19:"orders/payments/add";i:63;s:20:"orders/payments/edit";i:64;s:19:"orders/payments/pdf";i:65;s:10:"orders/pdf";i:66;s:14:"orders/refunds";i:67;s:18:"orders/refunds/add";i:68;s:19:"orders/refunds/edit";i:69;s:7:"outlets";i:70;s:11:"outlets/add";i:71;s:12:"outlets/edit";i:72;s:11:"permissions";i:73;s:7:"plugins";i:74;s:3:"pos";i:75;s:11:"pos/summary";i:76;s:8:"printers";i:77;s:12:"printers/add";i:78;s:13:"printers/edit";i:79;s:18:"printers/templates";i:80;s:22:"printers/templates/add";i:81;s:23:"printers/templates/edit";i:82;s:10:"promotions";i:83;s:14:"promotions/add";i:84;s:15:"promotions/edit";i:85;s:9:"registers";i:86;s:13:"registers/add";i:87;s:14:"registers/edit";i:88;s:7:"reports";i:89;s:13:"reports/items";i:90;s:17:"reports/items/add";i:91;s:18:"reports/items/edit";i:92;s:14:"reports/orders";i:93;s:18:"reports/orders/add";i:94;s:19:"reports/orders/edit";i:95;s:18:"reports/orders/pdf";i:96;s:13:"reports/sales";i:97;s:17:"reports/sales/pdf";i:98;s:16:"reports/sessions";i:99;s:26:"reports/sessions/detailpdf";i:100;s:20:"reports/sessions/pdf";i:101;s:6:"routes";i:102;s:14:"routes/refresh";i:103;s:12:"unauthorised";i:104;s:5:"users";i:105;s:9:"users/add";i:106;s:10:"users/edit";i:107;s:12:"users/groups";i:108;s:16:"users/groups/add";i:109;s:17:"users/groups/edit";i:110;s:13:"users/profile";i:111;s:10:"warehouses";i:112;s:14:"warehouses/add";i:113;s:18:"warehouses/batches";i:114;s:15:"warehouses/edit";i:115;s:18:"warehouses/shelves";i:116;s:22:"warehouses/shelves/add";i:117;s:23:"warehouses/shelves/edit";}', NULL, 'dashboard', '2019-04-29 10:58:58'),
(2, 1, 'Administrator', 2, 0, 'a:18:{i:0;s:9:"dashboard";i:1;s:5:"items";i:2;s:9:"items/add";i:3;s:17:"items/item_groups";i:4;s:21:"items/item_groups/add";i:5;s:7:"plugins";i:6;s:6:"routes";i:7;s:14:"routes/refresh";i:8;s:5:"users";i:9;s:9:"users/add";i:10;s:10:"users/edit";i:11;s:12:"users/groups";i:12;s:16:"users/groups/add";i:13;s:17:"users/groups/edit";i:14;s:13:"users/profile";i:15;s:14:"warehouses/add";i:16;s:15:"warehouses/edit";i:17;s:10:"warehouses";}', NULL, 'dashboard', '2019-05-08 17:30:27'),
(4, 1, 'Owner', 10, 0, 'a:41:{i:0;s:8:"contacts";i:1;s:12:"contacts/add";i:2;s:13:"contacts/edit";i:3;s:9:"dashboard";i:4;s:5:"items";i:5;s:9:"items/add";i:6;s:17:"items/adjustments";i:7;s:21:"items/adjustments/add";i:8;s:10:"items/edit";i:9;s:21:"items/item_composites";i:10;s:25:"items/item_composites/add";i:11;s:17:"items/item_groups";i:12;s:21:"items/item_groups/add";i:13;s:22:"items/item_groups/edit";i:14;s:15:"items/transfers";i:15;s:19:"items/transfers/add";i:16;s:14:"purchaseorders";i:17;s:18:"purchaseorders/add";i:18;s:19:"purchaseorders/edit";i:19;s:11:"salesorders";i:20;s:15:"salesorders/add";i:21;s:16:"salesorders/edit";i:22;s:5:"areas";i:23;s:9:"areas/add";i:24;s:10:"areas/edit";i:25;s:12:"areas/tables";i:26;s:16:"areas/tables/add";i:27;s:17:"areas/tables/edit";i:28;s:7:"reports";i:29;s:13:"reports/items";i:30;s:14:"reports/orders";i:31;s:18:"reports/orders/pdf";i:32;s:20:"reports/sessions/pdf";i:33;s:13:"reports/sales";i:34;s:16:"reports/sessions";i:35;s:3:"pos";i:36;s:16:"items/categories";i:37;s:20:"items/categories/add";i:38;s:21:"items/categories/edit";i:39;s:17:"reports/sales/pdf";i:40;s:26:"reports/sessions/detailpdf";}', NULL, 'dashboard', '2019-09-10 18:28:14'),
(5, 1, 'Operator', 5, 0, 'a:1:{i:0;s:3:"pos";}', 'a:0:{}', 'pos', '2020-09-10 13:31:31'),
(10, 1, 'Tablet Mode', 4, 0, 'a:2:{i:0;s:3:"pos";i:1;s:11:"pos/summary";}', NULL, 'pos', '2021-09-21 11:20:28');

-- 
-- Dumping data for table usr_forgot
--
-- Table inntech_pos_v2_db.usr_forgot does not contain any data (it is empty)

-- 
-- Dumping data for table sys_wh_shelf
--
-- Table inntech_pos_v2_db.sys_wh_shelf does not contain any data (it is empty)

-- 
-- Dumping data for table sys_wh_batch
--
-- Table inntech_pos_v2_db.sys_wh_batch does not contain any data (it is empty)

-- 
-- Dumping data for table sys_webpush
--
INSERT INTO sys_webpush VALUES
(11, 'https://fcm.googleapis.com/fcm/send/f2GFUK2gnyo:APA91bEA56dV-iyD61Y9rZfXOjQHDHLuHLXTjBWwbhJK0fWgMua0qv-q7H8IzcxAlnSiriFdWID0g7w9QKs8FPETPap0RpQJKLPdqiqyDZ2q0ol1oBfd2U1El9sTt1UCAEXTm7GMKaQJ', 'BD5Oexr7MBfW-fSiqDcHqH077Lzn35QEY28DE9GZW4OsdVPbpiLtrb6W6AU1cNwBUWd57dngNQwtVUIUdekPaQ0', 'Q33z18qKW65vAXjTUog5yg', '2021-04-09 05:14:08', 1, '2021-04-09 05:14:08');

-- 
-- Dumping data for table sys_warehouse
--
INSERT INTO sys_warehouse VALUES
(1, 'OTL001', 'outlet', 'Main Restaurant', '', '', '', 99, 1485, '', '', '', 1, 1, '2020-01-13 11:47:21'),
(5, 'OTL002', 'outlet', 'Jeanette Frost', '537 Old Extension', 'Reprehenderit aliqua', 'Inventore mollit pra', 21, 344, '29993', '+1 (261) 303-7172', 'zasadycip@inntechpos.com', 1, 1, '2021-10-13 18:29:23'),
(6, 'OTL003', 'outlet', 'Fleur Barry', '319 Old Court', 'Nostrum consectetur ', 'Facere autem fugiat', 38, 602, '43820', '+1 (747) 339-5929', 'vebary@inntechpos.com', 1, 1, '2021-10-14 15:24:02');

-- 
-- Dumping data for table sys_unit
--
INSERT INTO sys_unit VALUES
(1, NULL, 'Plate', 'Plate', NULL, '2020-01-13 15:12:20'),
(2, NULL, 'pcs', 'pcs', NULL, '2020-06-08 17:31:59');

-- 
-- Dumping data for table sys_state
--
INSERT INTO sys_state VALUES
(1, 38, 'Alberta', '', 1),
(2, 38, 'British Columbia', '', 1),
(3, 38, 'Manitoba', '', 1),
(4, 38, 'New Brunswick', '', 1),
(5, 38, 'Newfoundland And Labrador', '', 1),
(6, 38, 'Northwest Territories', '', 1),
(7, 38, 'Nova Scotia', '', 1),
(8, 38, 'Ontario', '', 1),
(9, 38, 'Prince Edward Island', '', 1),
(10, 38, 'Quebec', '', 1),
(11, 38, 'Saskatchewan', '', 1),
(12, 38, 'Yukon', '', 1);

-- 
-- Dumping data for table sys_setting
--
INSERT INTO sys_setting VALUES
('company', 'logo', 'assets/img/brand-logo.png', 0),
('company', 'name', 'Mulani Paan House', 0),
('company', 'url', 'https://www.divaasolutions.com/', 0),
('general', 'addon_sku_calculation', '1', 0),
('general', 'allowed_employee_groups', 'a:1:{i:0;i:5;}', 1),
('general', 'company_name', 'Mulani Paan House', 0),
('general', 'currency', 'CAD', 0),
('general', 'currency_sign', '$ ', 0),
('general', 'default_currency', '2', 0),
('general', 'open_item_id', '195', 0),
('general', 'order_methods', 'p,dine', 0),
('general', 'pos_default_opening_cash', '0', 0),
('general', 'pos_theme', 'corporate', 0),
('general', 'show_pos_item_display_type', '1', 0),
('general', 'show_pos_item_search', '1', 0),
('general', 'unique_browser_id', '61e52077-0b18-471a-957c-27d3970dd167', 0),
('order_sources_switch', 'web', '1', 0),
('pdf', 'footer_text', 'Mulani Paan House', 0),
('pdf', 'primary_color', '#222222', 0),
('pdf', 'table_border_color', '#DDDDDD', 0),
('pdf', 'table_header_bg', '#EFEFEF', 0),
('pdf', 'watermark_enabled', '1', 0),
('pdf', 'watermark_text', 'Mulani Paan House', 0);

-- 
-- Dumping data for table sys_session
--
-- Table inntech_pos_v2_db.sys_session does not contain any data (it is empty)

-- 
-- Dumping data for table sys_route
--
INSERT INTO sys_route VALUES
(41, 'dashboard', 1),
(42, 'plugins', 1),
(45, 'routes', 1),
(174, 'routes/refresh', 1),
(175, 'users/groups', 1),
(176, 'users/groups/add', 1),
(177, 'users/groups/edit', 1),
(178, 'users/profile', 1),
(179, 'users', 1),
(180, 'users/add', 1),
(181, 'users/edit', 1),
(182, 'orders', 1),
(183, 'orders/add', 1),
(184, 'orders/edit', 1),
(185, 'orders/pdf', 1),
(186, 'orders/payments', 1),
(187, 'orders/payments/add', 1),
(188, 'orders/payments/edit', 1),
(189, 'orders/payments/pdf', 1),
(190, 'outlets', 1),
(191, 'outlets/add', 1),
(192, 'outlets/edit', 1),
(193, 'registers', 1),
(194, 'registers/add', 1),
(195, 'registers/edit', 1),
(196, 'contacts/customers', 1),
(197, 'contacts/customers/add', 1),
(198, 'contacts/customers/edit', 1),
(199, 'contacts/customers/remove', 1),
(200, 'contacts/vendors', 1),
(201, 'contacts/vendors/add', 1),
(202, 'contacts/vendors/edit', 1),
(203, 'contacts/vendors/remove', 1),
(204, 'contacts/vendors/import', 1),
(205, 'items/adjustments', 1),
(206, 'items/adjustments/add', 1),
(207, 'items/imports', 1),
(208, 'items', 1),
(209, 'items/add', 1),
(210, 'items/edit', 1),
(211, 'items/item_composites', 1),
(212, 'items/item_composites/add', 1),
(213, 'items/item_groups', 1),
(214, 'items/item_groups/add', 1),
(215, 'items/item_groups/edit', 1),
(216, 'items/transfers', 1),
(217, 'items/transfers/add', 1),
(218, 'pos', 1),
(220, 'reports', 1),
(225, 'reports/sales', 1),
(226, 'reports/items', 1),
(227, 'reports/items/add', 1),
(228, 'reports/items/edit', 1),
(229, 'reports/orders', 1),
(230, 'reports/orders/add', 1),
(231, 'reports/orders/edit', 1),
(232, 'reports/orders/pdf', 1),
(233, 'reports/sales/pdf', 1),
(234, 'pos/summary', 1),
(235, 'reports/sessions', 1),
(236, 'reports/sessions/pdf', 1),
(237, 'permissions', 1),
(238, 'unauthorised', 1),
(242, 'employees', 1),
(243, 'employees/add', 1),
(244, 'employees/edit', 1),
(245, 'notifications', 1),
(246, 'warehouses/batches', 1),
(247, 'warehouses/shelves', 1),
(248, 'warehouses/shelves/add', 1),
(249, 'warehouses/shelves/edit', 1),
(250, 'warehouses', 1),
(251, 'warehouses/add', 1),
(252, 'warehouses/edit', 1),
(253, 'areas', 1),
(254, 'areas/add', 1),
(255, 'areas/edit', 1),
(256, 'areas/tables', 1),
(257, 'areas/tables/add', 1),
(258, 'areas/tables/edit', 1),
(265, 'contacts/salutations', 1),
(267, 'promotions', 1),
(268, 'promotions/add', 1),
(269, 'promotions/edit', 1),
(270, 'items/addon_items', 1),
(271, 'items/addon_items/add', 1),
(272, 'items/addon_items/edit', 1),
(273, 'items/item_groups/update_soh', 1),
(274, 'items/item_groups/update_inventory', 1),
(277, 'items/categories', 1),
(278, 'items/categories/add', 1),
(279, 'items/categories/edit', 1),
(280, 'items/icons', 1),
(281, 'items/icons/add', 1),
(282, 'items/icons/edit', 1),
(283, 'orders/order_sources', 1),
(284, 'orders/order_sources/add', 1),
(285, 'orders/order_sources/edit', 1),
(286, 'kitchens', 1),
(287, 'kitchens/add', 1),
(288, 'kitchens/edit', 1),
(289, 'printers', 1),
(290, 'printers/add', 1),
(291, 'printers/edit', 1),
(292, 'printers/templates', 1),
(293, 'printers/templates/add', 1),
(294, 'printers/templates/edit', 1),
(295, 'reports/sessions/detailpdf', 1),
(296, 'orders/refunds', 1),
(297, 'orders/refunds/add', 1),
(298, 'orders/refunds/edit', 1),
(300, 'items/item_groups/export', 1),
(302, 'contacts/customers/export', 1),
(303, 'items/exports', 1),
(304, 'developer', 1),
(305, 'contacts/customer_groups', 1),
(306, 'contacts/customer_groups/add', 1),
(307, 'contacts/customer_groups/edit', 1);

-- 
-- Dumping data for table sys_register
--
INSERT INTO sys_register VALUES
(1, 'REG001', 1, 'Register 1', 1, '72a41c81-60b3-4126-9576-70a9563df005', 'Register', 1, '2022-01-21 17:15:05'),
(2, 'REG002', 1, 'Register 2', 0, '62cec0b6-b7a4-43f1-965b-89ca51a40ed4', 'Register', 1, '2022-01-24 15:31:08'),
(3, 'REG003', 1, 'Register Tablet', 0, '490204f3-70b6-4fcb-a25e-f2ae3bcc015d', 'Tablet', 1, '2022-01-25 12:34:32');

-- 
-- Dumping data for table sys_ref
--
INSERT INTO sys_ref VALUES
('reg', '4'),
('otl', '1'),
('ord', '49'),
('pay', '42'),
('cus', '1');

-- 
-- Dumping data for table sys_print_template
--
INSERT INTO sys_print_template VALUES
(1, 'test1', '2020-10-21 14:17:21'),
(2, 'asd', '2020-10-21 17:44:56'),
(3, 'Test9300', '2020-11-02 11:02:43');

-- 
-- Dumping data for table sys_printer
--
INSERT INTO sys_printer VALUES
(1, 'asd', 1, 'usb', '12', 'sandip', 1, '2020-10-22 10:33:05'),
(2, 'zxc', 1, 'usb', '121', 'Test1233', 1, '2020-10-22 10:36:17'),
(3, 'test', 1, 'network', '13', 'test', 0, '2020-10-22 10:37:30'),
(4, 'test12', 1, 'usb', '1223355', 'qweq', 0, '2020-10-22 10:44:30');

-- 
-- Dumping data for table sys_permission
--
-- Table inntech_pos_v2_db.sys_permission does not contain any data (it is empty)

-- 
-- Dumping data for table sys_payment_method
--
INSERT INTO sys_payment_method VALUES
(1, 'cash', 'manual', 0.00, 1, 0, 0, 1, 0, 'Cash', 2, 1, '2019-12-09 00:00:00'),
(3, 'card', 'manual', 0.00, 1, 0, 0, 0, 0, 'Credit/Debit Card', 2, 1, '2019-12-09 00:00:00'),
(4, 'paypal', 'manual', 0.00, 0, 1, 1, 0, 0, 'Paypal', 3, 1, '2020-02-29 00:00:00'),
(5, 'std', 'auto', 0.00, 1, 0, 0, 0, 0, 'Skip the Dish', 4, 1, '2020-07-27 00:00:00'),
(6, 'dd', 'auto', 0.00, 1, 0, 0, 0, 0, 'Door Dash', 5, 1, '2020-08-12 00:00:00');

-- 
-- Dumping data for table sys_order_source
--
INSERT INTO sys_order_source VALUES
(1, 'Panel', 'PANEL', 0, '2020-01-13 11:17:55'),
(2, 'POS', 'POS', 1, '2020-01-13 11:17:55'),
(3, 'Web', 'WEB', 1, '2020-03-01 00:00:00'),
(4, 'Skip The Dishes', 'STD', 1, '2020-07-27 00:00:00'),
(5, 'Door Dash', 'DD', 1, '2020-08-12 00:00:00');

-- 
-- Dumping data for table sys_notification
--
-- Table inntech_pos_v2_db.sys_notification does not contain any data (it is empty)

-- 
-- Dumping data for table sys_module
--
INSERT INTO sys_module VALUES
(1, 'core', 'core', 1, '2019-04-22 15:40:40'),
(2, 'core', 'users', 1, '2019-04-22 15:43:40'),
(3, 'core', 'auth', 1, '2019-04-26 10:38:00'),
(14, 'user', 'areas', 1, '2020-09-25 13:51:28'),
(25, 'user', 'contacts', 1, '2020-09-25 13:53:34'),
(26, 'user', 'employees', 1, '2020-09-25 13:54:52'),
(27, 'user', 'items', 1, '2020-09-25 13:54:55'),
(28, 'user', 'notifications', 1, '2020-09-25 13:54:58'),
(29, 'user', 'orders', 1, '2020-09-25 13:55:32'),
(30, 'user', 'outlets', 1, '2020-09-25 13:55:35'),
(31, 'user', 'pos', 1, '2020-09-25 13:55:39'),
(32, 'user', 'promotions', 1, '2020-09-25 13:55:49'),
(33, 'user', 'registers', 1, '2020-09-25 13:55:55'),
(34, 'user', 'reports', 1, '2020-09-25 13:56:10'),
(35, 'user', 'kitchens', 1, '2022-01-25 19:06:10'),
(36, 'user', 'printers', 1, '2022-01-25 19:06:14');

-- 
-- Dumping data for table sys_kitchen
--
INSERT INTO sys_kitchen VALUES
(1, 'zxc', 2, 1, '2020-10-21 16:17:05'),
(2, 'asd', 4, 2, '2020-10-21 17:44:22'),
(3, 'test12', 1, 2, '2020-10-22 09:21:32'),
(4, 'Test9904', 3, 2, '2020-11-02 10:57:52'),
(5, 'Test9898', 3, 3, '2020-11-02 11:03:05');

-- 
-- Dumping data for table sys_key
--
INSERT INTO sys_key VALUES
(1, 1, '4e27002cd5afd78f166938c99b1047bb', 10, 0, 0, '::1', 2020),
(2, 2, '9982170d8cefc6399654eb985467500d', 10, 0, 0, '116.72.10.175', 2020),
(3, 3, 'aa0aa989c4dcfd9916e27236a466de11', 10, 0, 0, '116.72.10.175', 2020),
(4, 4, '5d7c61306c122e80c085e52ffaf05359', 10, 0, 0, '104.205.117.183', 2020),
(5, 5, '6773135b68b06fc7a52a99aacd713f02', 10, 0, 0, '::1', 2021),
(6, 6, '33e35e7c053d6fd195d3193517c5dff1', 10, 0, 0, '::1', 2021),
(7, 7, '4a9de23a24973ff58442f0a1d9041f9b', 10, 0, 0, '::1', 2021);

-- 
-- Dumping data for table sys_icon
--
INSERT INTO sys_icon VALUES
(1, 'fas fa-bacon', '2020-10-20 11:11:11'),
(2, 'fas fa-bread-slice', '2020-10-20 11:11:11'),
(3, 'fas fa-cheese', '2020-10-20 11:11:11'),
(4, 'fas fa-drumstick-bite', '2020-10-20 11:11:11'),
(5, 'fas fa-egg', '2020-10-20 11:11:11'),
(6, 'fas fa-hamburger', '2020-10-20 11:11:11'),
(7, 'fas fa-hotdog', '2020-10-20 11:11:11'),
(8, 'fas fa-ice-cream', '2020-10-20 11:11:11'),
(9, 'fas fa-pepper-hot', '2020-10-20 11:11:11'),
(10, 'fas fa-pizza-slice', '2020-10-20 11:11:11'),
(11, 'fas fa-beer', '2020-10-20 11:11:11'),
(12, 'fas fa-blender', '2020-10-20 11:11:11'),
(13, 'fas fa-cocktail', '2020-10-20 11:11:11'),
(14, 'fas fa-glass-whiskey', '2020-10-20 11:11:11'),
(15, 'fas fa-wine-bottle', '2020-10-20 11:11:11');

-- 
-- Dumping data for table sys_etemplate
--
INSERT INTO sys_etemplate VALUES
(1, 'V', 'Test', 'Test', 0, '2021-05-05 15:56:17');

-- 
-- Dumping data for table sys_country
--
INSERT INTO sys_country VALUES
(38, 'Canada', 1);

-- 
-- Dumping data for table sys_city
--
INSERT INTO sys_city VALUES
(1, 'Airdrie', 1, 38, 1, '2022-01-13 16:55:36'),
(2, 'Grande Prairie', 1, 38, 1, '2022-01-13 16:55:36'),
(3, 'Red Deer', 1, 38, 1, '2022-01-13 16:55:36'),
(4, 'Beaumont', 1, 38, 1, '2022-01-13 16:55:36'),
(5, 'Hanna', 1, 38, 1, '2022-01-13 16:55:36'),
(6, 'St. Albert', 1, 38, 1, '2022-01-13 16:55:36'),
(7, 'Bonnyville', 1, 38, 1, '2022-01-13 16:55:36'),
(8, 'Hinton', 1, 38, 1, '2022-01-13 16:55:36'),
(9, 'Spruce Grove', 1, 38, 1, '2022-01-13 16:55:36'),
(10, 'Brazeau', 1, 38, 1, '2022-01-13 16:55:36'),
(11, 'Irricana', 1, 38, 1, '2022-01-13 16:55:36'),
(12, 'Strathcona County', 1, 38, 1, '2022-01-13 16:55:36'),
(13, 'Breton', 1, 38, 1, '2022-01-13 16:55:36'),
(14, 'Lacombe', 1, 38, 1, '2022-01-13 16:55:36'),
(15, 'Strathmore', 1, 38, 1, '2022-01-13 16:55:36'),
(16, 'Calgary', 1, 38, 1, '2022-01-13 16:55:36'),
(17, 'Leduc', 1, 38, 1, '2022-01-13 16:55:36'),
(18, 'Sylvan Lake', 1, 38, 1, '2022-01-13 16:55:36'),
(19, 'Camrose', 1, 38, 1, '2022-01-13 16:55:36'),
(20, 'Lethbridge', 1, 38, 1, '2022-01-13 16:55:36'),
(21, 'Swan Hills', 1, 38, 1, '2022-01-13 16:55:36'),
(22, 'Canmore', 1, 38, 1, '2022-01-13 16:55:36'),
(23, 'McLennan', 1, 38, 1, '2022-01-13 16:55:36'),
(24, 'Taber', 1, 38, 1, '2022-01-13 16:55:36'),
(25, 'Didzbury', 1, 38, 1, '2022-01-13 16:55:36'),
(26, 'Medicine Hat', 1, 38, 1, '2022-01-13 16:55:36'),
(27, 'Turner Valley', 1, 38, 1, '2022-01-13 16:55:36'),
(28, 'Drayton Valley', 1, 38, 1, '2022-01-13 16:55:36'),
(29, 'Olds', 1, 38, 1, '2022-01-13 16:55:36'),
(30, 'Vermillion', 1, 38, 1, '2022-01-13 16:55:36'),
(31, 'Edmonton', 1, 38, 1, '2022-01-13 16:55:36'),
(32, 'Onoway', 1, 38, 1, '2022-01-13 16:55:36'),
(33, 'Wood Buffalo', 1, 38, 1, '2022-01-13 16:55:36'),
(34, 'Ft. Saskatchewan', 1, 38, 1, '2022-01-13 16:55:36'),
(35, 'Provost', 1, 38, 1, '2022-01-13 16:55:36'),
(36, 'Burnaby', 2, 38, 1, '2022-01-13 16:55:36'),
(37, 'Lumby', 2, 38, 1, '2022-01-13 16:55:36'),
(38, 'City of Port Moody', 2, 38, 1, '2022-01-13 16:55:36'),
(39, 'Cache Creek', 2, 38, 1, '2022-01-13 16:55:36'),
(40, 'Maple Ridge', 2, 38, 1, '2022-01-13 16:55:36'),
(41, 'Prince George', 2, 38, 1, '2022-01-13 16:55:36'),
(42, 'Castlegar', 2, 38, 1, '2022-01-13 16:55:36'),
(43, 'Merritt', 2, 38, 1, '2022-01-13 16:55:36'),
(44, 'Prince Rupert', 2, 38, 1, '2022-01-13 16:55:36'),
(45, 'Chemainus', 2, 38, 1, '2022-01-13 16:55:36'),
(46, 'Mission', 2, 38, 1, '2022-01-13 16:55:36'),
(47, 'Richmond', 2, 38, 1, '2022-01-13 16:55:36'),
(48, 'Chilliwack', 2, 38, 1, '2022-01-13 16:55:36'),
(49, 'Nanaimo', 2, 38, 1, '2022-01-13 16:55:36'),
(50, 'Saanich', 2, 38, 1, '2022-01-13 16:55:36'),
(51, 'Clearwater', 2, 38, 1, '2022-01-13 16:55:36'),
(52, 'Nelson', 2, 38, 1, '2022-01-13 16:55:36'),
(53, 'Sooke', 2, 38, 1, '2022-01-13 16:55:36'),
(54, 'Colwood', 2, 38, 1, '2022-01-13 16:55:36'),
(55, 'New Westminster', 2, 38, 1, '2022-01-13 16:55:36'),
(56, 'Sparwood', 2, 38, 1, '2022-01-13 16:55:36'),
(57, 'Coquitlam', 2, 38, 1, '2022-01-13 16:55:36'),
(58, 'North Cowichan', 2, 38, 1, '2022-01-13 16:55:36'),
(59, 'Surrey', 2, 38, 1, '2022-01-13 16:55:36'),
(60, 'Cranbrook', 2, 38, 1, '2022-01-13 16:55:36'),
(61, 'North Vancouver', 2, 38, 1, '2022-01-13 16:55:36'),
(62, 'Terrace', 2, 38, 1, '2022-01-13 16:55:36'),
(63, 'Dawson Creek', 2, 38, 1, '2022-01-13 16:55:36'),
(64, 'North Vancouver', 2, 38, 1, '2022-01-13 16:55:36'),
(65, 'Tumbler', 2, 38, 1, '2022-01-13 16:55:36'),
(66, 'Delta', 2, 38, 1, '2022-01-13 16:55:36'),
(67, 'Osoyoos', 2, 38, 1, '2022-01-13 16:55:36'),
(68, 'Vancouver', 2, 38, 1, '2022-01-13 16:55:36'),
(69, 'Fernie', 2, 38, 1, '2022-01-13 16:55:36'),
(70, 'Parksville', 2, 38, 1, '2022-01-13 16:55:36'),
(71, 'Vancouver', 2, 38, 1, '2022-01-13 16:55:36'),
(72, 'Invermere', 2, 38, 1, '2022-01-13 16:55:36'),
(73, 'Peace River', 2, 38, 1, '2022-01-13 16:55:36'),
(74, 'Vernon', 2, 38, 1, '2022-01-13 16:55:36'),
(75, 'Kamloops', 2, 38, 1, '2022-01-13 16:55:36'),
(76, 'Penticton', 2, 38, 1, '2022-01-13 16:55:36'),
(77, 'Victoria', 2, 38, 1, '2022-01-13 16:55:36'),
(78, 'Kaslo', 2, 38, 1, '2022-01-13 16:55:36'),
(79, 'Port Alberni', 2, 38, 1, '2022-01-13 16:55:36'),
(80, 'Whistler', 2, 38, 1, '2022-01-13 16:55:36'),
(81, 'Langley', 2, 38, 1, '2022-01-13 16:55:36'),
(82, 'Port Hardy', 2, 38, 1, '2022-01-13 16:55:36'),
(83, 'Birtle', 3, 38, 1, '2022-01-13 16:55:36'),
(84, 'Flin Flon', 3, 38, 1, '2022-01-13 16:55:36'),
(85, 'Swan River', 3, 38, 1, '2022-01-13 16:55:36'),
(86, 'Brandon', 3, 38, 1, '2022-01-13 16:55:36'),
(87, 'Snow Lake', 3, 38, 1, '2022-01-13 16:55:36'),
(88, 'The Pas', 3, 38, 1, '2022-01-13 16:55:36'),
(89, 'Cranberry Portage', 3, 38, 1, '2022-01-13 16:55:36'),
(90, 'Steinbach', 3, 38, 1, '2022-01-13 16:55:36'),
(91, 'Thompson', 3, 38, 1, '2022-01-13 16:55:36'),
(92, 'Dauphin', 3, 38, 1, '2022-01-13 16:55:36'),
(93, 'Stonewall', 3, 38, 1, '2022-01-13 16:55:36'),
(94, 'Winnipeg', 3, 38, 1, '2022-01-13 16:55:36'),
(95, 'Cap-Pele', 4, 38, 1, '2022-01-13 16:55:36'),
(96, 'Miramichi', 4, 38, 1, '2022-01-13 16:55:36'),
(97, 'Saint John', 4, 38, 1, '2022-01-13 16:55:36'),
(98, 'Fredericton', 4, 38, 1, '2022-01-13 16:55:36'),
(99, 'Moncton', 4, 38, 1, '2022-01-13 16:55:36'),
(100, 'Saint Stephen', 4, 38, 1, '2022-01-13 16:55:36'),
(101, 'Grand Bay-Westfield', 4, 38, 1, '2022-01-13 16:55:36'),
(102, 'Oromocto', 4, 38, 1, '2022-01-13 16:55:36'),
(103, 'Shippagan', 4, 38, 1, '2022-01-13 16:55:36'),
(104, 'Grand Falls', 4, 38, 1, '2022-01-13 16:55:36'),
(105, 'Port Elgin', 4, 38, 1, '2022-01-13 16:55:36'),
(106, 'Sussex', 4, 38, 1, '2022-01-13 16:55:36'),
(107, 'Memramcook', 4, 38, 1, '2022-01-13 16:55:36'),
(108, 'Sackville', 4, 38, 1, '2022-01-13 16:55:36'),
(109, 'Tracadie-Sheila', 4, 38, 1, '2022-01-13 16:55:36'),
(110, 'Argentia', 5, 38, 1, '2022-01-13 16:55:36'),
(111, 'Corner Brook', 5, 38, 1, '2022-01-13 16:55:36'),
(112, 'Paradise', 5, 38, 1, '2022-01-13 16:55:36'),
(113, 'Bishop''s Falls', 5, 38, 1, '2022-01-13 16:55:36'),
(114, 'Labrador City', 5, 38, 1, '2022-01-13 16:55:36'),
(115, 'Portaux Basques', 5, 38, 1, '2022-01-13 16:55:36'),
(116, 'Botwood', 5, 38, 1, '2022-01-13 16:55:36'),
(117, 'Mount Pearl', 5, 38, 1, '2022-01-13 16:55:36'),
(118, 'St. John''s', 5, 38, 1, '2022-01-13 16:55:36'),
(119, 'Brigus', 5, 38, 1, '2022-01-13 16:55:36'),
(120, 'Town of Hay River', 6, 38, 1, '2022-01-13 16:55:36'),
(121, 'Town of Inuvik', 6, 38, 1, '2022-01-13 16:55:36'),
(122, 'Yellowknife', 6, 38, 1, '2022-01-13 16:55:36'),
(123, 'Amherst', 7, 38, 1, '2022-01-13 16:55:36'),
(124, 'Hants County', 7, 38, 1, '2022-01-13 16:55:36'),
(125, 'Pictou', 7, 38, 1, '2022-01-13 16:55:36'),
(126, 'Annapolis', 7, 38, 1, '2022-01-13 16:55:36'),
(127, 'Inverness County', 7, 38, 1, '2022-01-13 16:55:36'),
(128, 'Pictou County', 7, 38, 1, '2022-01-13 16:55:36'),
(129, 'Argyle', 7, 38, 1, '2022-01-13 16:55:36'),
(130, 'Kentville', 7, 38, 1, '2022-01-13 16:55:36'),
(131, 'Queens', 7, 38, 1, '2022-01-13 16:55:36'),
(132, 'Baddeck', 7, 38, 1, '2022-01-13 16:55:36'),
(133, 'County of Kings', 7, 38, 1, '2022-01-13 16:55:36'),
(134, 'Richmond', 7, 38, 1, '2022-01-13 16:55:36'),
(135, 'Bridgewater', 7, 38, 1, '2022-01-13 16:55:36'),
(136, 'Lunenburg', 7, 38, 1, '2022-01-13 16:55:36'),
(137, 'Shelburne', 7, 38, 1, '2022-01-13 16:55:36'),
(138, 'Cape Breton', 7, 38, 1, '2022-01-13 16:55:36'),
(139, 'Lunenburg County', 7, 38, 1, '2022-01-13 16:55:36'),
(140, 'Stellarton', 7, 38, 1, '2022-01-13 16:55:36'),
(141, 'Chester', 7, 38, 1, '2022-01-13 16:55:36'),
(142, 'Mahone Bay', 7, 38, 1, '2022-01-13 16:55:36'),
(143, 'Truro', 7, 38, 1, '2022-01-13 16:55:36'),
(144, 'Cumberland County', 7, 38, 1, '2022-01-13 16:55:36'),
(145, 'New Glasgow', 7, 38, 1, '2022-01-13 16:55:36'),
(146, 'Windsor', 7, 38, 1, '2022-01-13 16:55:36'),
(147, 'East Hants', 7, 38, 1, '2022-01-13 16:55:36'),
(148, 'New Minas', 7, 38, 1, '2022-01-13 16:55:36'),
(149, 'Yarmouth', 7, 38, 1, '2022-01-13 16:55:36'),
(150, 'Halifax', 7, 38, 1, '2022-01-13 16:55:36'),
(151, 'Parrsboro', 7, 38, 1, '2022-01-13 16:55:36'),
(152, 'Ajax', 8, 38, 1, '2022-01-13 16:55:36'),
(153, 'Halton', 8, 38, 1, '2022-01-13 16:55:36'),
(154, 'Peterborough', 8, 38, 1, '2022-01-13 16:55:36'),
(155, 'Atikokan', 8, 38, 1, '2022-01-13 16:55:36'),
(156, 'Halton Hills', 8, 38, 1, '2022-01-13 16:55:36'),
(157, 'Pickering', 8, 38, 1, '2022-01-13 16:55:36'),
(158, 'Barrie', 8, 38, 1, '2022-01-13 16:55:36'),
(159, 'Hamilton', 8, 38, 1, '2022-01-13 16:55:36'),
(160, 'Port Bruce', 8, 38, 1, '2022-01-13 16:55:36'),
(161, 'Belleville', 8, 38, 1, '2022-01-13 16:55:36'),
(162, 'Hamilton-Wentworth', 8, 38, 1, '2022-01-13 16:55:36'),
(163, 'Port Burwell', 8, 38, 1, '2022-01-13 16:55:36'),
(164, 'Blandford-Blenheim', 8, 38, 1, '2022-01-13 16:55:36'),
(165, 'Hearst', 8, 38, 1, '2022-01-13 16:55:36'),
(166, 'Port Colborne', 8, 38, 1, '2022-01-13 16:55:36'),
(167, 'Blind River', 8, 38, 1, '2022-01-13 16:55:36'),
(168, 'Huntsville', 8, 38, 1, '2022-01-13 16:55:36'),
(169, 'Port Hope', 8, 38, 1, '2022-01-13 16:55:36'),
(170, 'Brampton', 8, 38, 1, '2022-01-13 16:55:36'),
(171, 'Ingersoll', 8, 38, 1, '2022-01-13 16:55:36'),
(172, 'Prince Edward', 8, 38, 1, '2022-01-13 16:55:36'),
(173, 'Brant', 8, 38, 1, '2022-01-13 16:55:36'),
(174, 'James', 8, 38, 1, '2022-01-13 16:55:36'),
(175, 'Quinte West', 8, 38, 1, '2022-01-13 16:55:36'),
(176, 'Brantford', 8, 38, 1, '2022-01-13 16:55:36'),
(177, 'Kanata', 8, 38, 1, '2022-01-13 16:55:36'),
(178, 'Renfrew', 8, 38, 1, '2022-01-13 16:55:36'),
(179, 'Brock', 8, 38, 1, '2022-01-13 16:55:36'),
(180, 'Kincardine', 8, 38, 1, '2022-01-13 16:55:36'),
(181, 'Richmond Hill', 8, 38, 1, '2022-01-13 16:55:36'),
(182, 'Brockville', 8, 38, 1, '2022-01-13 16:55:36'),
(183, 'King', 8, 38, 1, '2022-01-13 16:55:36'),
(184, 'Sarnia', 8, 38, 1, '2022-01-13 16:55:36'),
(185, 'Burlington', 8, 38, 1, '2022-01-13 16:55:36'),
(186, 'Kingston', 8, 38, 1, '2022-01-13 16:55:36'),
(187, 'Sault Ste. Marie', 8, 38, 1, '2022-01-13 16:55:36'),
(188, 'Caledon', 8, 38, 1, '2022-01-13 16:55:36'),
(189, 'Kirkland Lake', 8, 38, 1, '2022-01-13 16:55:36'),
(190, 'Scarborough', 8, 38, 1, '2022-01-13 16:55:36'),
(191, 'Cambridge', 8, 38, 1, '2022-01-13 16:55:36'),
(192, 'Kitchener', 8, 38, 1, '2022-01-13 16:55:36'),
(193, 'Scugog', 8, 38, 1, '2022-01-13 16:55:36'),
(194, 'Chatham-Kent', 8, 38, 1, '2022-01-13 16:55:36'),
(195, 'Larder Lake', 8, 38, 1, '2022-01-13 16:55:36'),
(196, 'Souix Lookout CoC Sioux Lookout', 8, 38, 1, '2022-01-13 16:55:36'),
(197, 'Chesterville', 8, 38, 1, '2022-01-13 16:55:36'),
(198, 'Leamington', 8, 38, 1, '2022-01-13 16:55:36'),
(199, 'Smiths Falls', 8, 38, 1, '2022-01-13 16:55:36'),
(200, 'Clarington', 8, 38, 1, '2022-01-13 16:55:36'),
(201, 'Lennox-Addington', 8, 38, 1, '2022-01-13 16:55:36'),
(202, 'South-West Oxford', 8, 38, 1, '2022-01-13 16:55:36'),
(203, 'Cobourg', 8, 38, 1, '2022-01-13 16:55:36'),
(204, 'Lincoln', 8, 38, 1, '2022-01-13 16:55:36'),
(205, 'St. Catharines', 8, 38, 1, '2022-01-13 16:55:36'),
(206, 'Cochrane', 8, 38, 1, '2022-01-13 16:55:36'),
(207, 'Lindsay', 8, 38, 1, '2022-01-13 16:55:36'),
(208, 'St. Thomas', 8, 38, 1, '2022-01-13 16:55:36'),
(209, 'Collingwood', 8, 38, 1, '2022-01-13 16:55:36'),
(210, 'London', 8, 38, 1, '2022-01-13 16:55:36'),
(211, 'Stoney Creek', 8, 38, 1, '2022-01-13 16:55:36'),
(212, 'Cornwall', 8, 38, 1, '2022-01-13 16:55:36'),
(213, 'Loyalist Township', 8, 38, 1, '2022-01-13 16:55:36'),
(214, 'Stratford', 8, 38, 1, '2022-01-13 16:55:36'),
(215, 'Cumberland', 8, 38, 1, '2022-01-13 16:55:36'),
(216, 'Markham', 8, 38, 1, '2022-01-13 16:55:36'),
(217, 'Sudbury', 8, 38, 1, '2022-01-13 16:55:36'),
(218, 'Deep River', 8, 38, 1, '2022-01-13 16:55:36'),
(219, 'Metro Toronto', 8, 38, 1, '2022-01-13 16:55:36'),
(220, 'Temagami', 8, 38, 1, '2022-01-13 16:55:36'),
(221, 'Dundas', 8, 38, 1, '2022-01-13 16:55:36'),
(222, 'Merrickville', 8, 38, 1, '2022-01-13 16:55:36'),
(223, 'Thorold', 8, 38, 1, '2022-01-13 16:55:36'),
(224, 'Durham', 8, 38, 1, '2022-01-13 16:55:36'),
(225, 'Milton', 8, 38, 1, '2022-01-13 16:55:36'),
(226, 'Thunder Bay', 8, 38, 1, '2022-01-13 16:55:36'),
(227, 'Dymond', 8, 38, 1, '2022-01-13 16:55:36'),
(228, 'Nepean', 8, 38, 1, '2022-01-13 16:55:36'),
(229, 'Tillsonburg', 8, 38, 1, '2022-01-13 16:55:36'),
(230, 'Ear Falls', 8, 38, 1, '2022-01-13 16:55:36'),
(231, 'Newmarket', 8, 38, 1, '2022-01-13 16:55:36'),
(232, 'Timmins', 8, 38, 1, '2022-01-13 16:55:36'),
(233, 'East Gwillimbury', 8, 38, 1, '2022-01-13 16:55:36'),
(234, 'Niagara', 8, 38, 1, '2022-01-13 16:55:36'),
(235, 'Toronto', 8, 38, 1, '2022-01-13 16:55:36'),
(236, 'East Zorra-Tavistock', 8, 38, 1, '2022-01-13 16:55:36'),
(237, 'Niagara Falls', 8, 38, 1, '2022-01-13 16:55:36'),
(238, 'Uxbridge', 8, 38, 1, '2022-01-13 16:55:36'),
(239, 'Elgin', 8, 38, 1, '2022-01-13 16:55:36'),
(240, 'Niagara-on-the-Lake', 8, 38, 1, '2022-01-13 16:55:36'),
(241, 'Vaughan', 8, 38, 1, '2022-01-13 16:55:36'),
(242, 'Elliot Lake', 8, 38, 1, '2022-01-13 16:55:36'),
(243, 'North Bay', 8, 38, 1, '2022-01-13 16:55:36'),
(244, 'Wainfleet', 8, 38, 1, '2022-01-13 16:55:36'),
(245, 'Flamborough', 8, 38, 1, '2022-01-13 16:55:36'),
(246, 'North Dorchester', 8, 38, 1, '2022-01-13 16:55:36'),
(247, 'Wasaga Beach', 8, 38, 1, '2022-01-13 16:55:36'),
(248, 'Fort Erie', 8, 38, 1, '2022-01-13 16:55:36'),
(249, 'North Dumfries', 8, 38, 1, '2022-01-13 16:55:36'),
(250, 'Waterloo', 8, 38, 1, '2022-01-13 16:55:36'),
(251, 'Fort Frances', 8, 38, 1, '2022-01-13 16:55:36'),
(252, 'North York', 8, 38, 1, '2022-01-13 16:55:36'),
(253, 'Waterloo', 8, 38, 1, '2022-01-13 16:55:36'),
(254, 'Gananoque', 8, 38, 1, '2022-01-13 16:55:36'),
(255, 'Norwich', 8, 38, 1, '2022-01-13 16:55:36'),
(256, 'Welland', 8, 38, 1, '2022-01-13 16:55:36'),
(257, 'Georgina', 8, 38, 1, '2022-01-13 16:55:36'),
(258, 'Oakville', 8, 38, 1, '2022-01-13 16:55:36'),
(259, 'Wellesley', 8, 38, 1, '2022-01-13 16:55:36'),
(260, 'Glanbrook', 8, 38, 1, '2022-01-13 16:55:36'),
(261, 'Orangeville', 8, 38, 1, '2022-01-13 16:55:36'),
(262, 'West Carleton', 8, 38, 1, '2022-01-13 16:55:36'),
(263, 'Gloucester', 8, 38, 1, '2022-01-13 16:55:36'),
(264, 'Orillia', 8, 38, 1, '2022-01-13 16:55:36'),
(265, 'West Lincoln', 8, 38, 1, '2022-01-13 16:55:36'),
(266, 'Goulbourn', 8, 38, 1, '2022-01-13 16:55:36'),
(267, 'Osgoode', 8, 38, 1, '2022-01-13 16:55:36'),
(268, 'Whitby', 8, 38, 1, '2022-01-13 16:55:36'),
(269, 'Gravenhurst', 8, 38, 1, '2022-01-13 16:55:36'),
(270, 'Oshawa', 8, 38, 1, '2022-01-13 16:55:36'),
(271, 'Wilmot', 8, 38, 1, '2022-01-13 16:55:36'),
(272, 'Grimsby', 8, 38, 1, '2022-01-13 16:55:36'),
(273, 'Ottawa', 8, 38, 1, '2022-01-13 16:55:36'),
(274, 'Windsor', 8, 38, 1, '2022-01-13 16:55:36'),
(275, 'Guelph', 8, 38, 1, '2022-01-13 16:55:36'),
(276, 'Ottawa-Carleton', 8, 38, 1, '2022-01-13 16:55:36'),
(277, 'Woolwich', 8, 38, 1, '2022-01-13 16:55:36'),
(278, 'Haldimand-Norfork', 8, 38, 1, '2022-01-13 16:55:36'),
(279, 'Owen Sound', 8, 38, 1, '2022-01-13 16:55:36'),
(280, 'York', 8, 38, 1, '2022-01-13 16:55:36'),
(281, 'Alberton', 9, 38, 1, '2022-01-13 16:55:36'),
(282, 'Montague', 9, 38, 1, '2022-01-13 16:55:36'),
(283, 'Stratford', 9, 38, 1, '2022-01-13 16:55:36'),
(284, 'Charlottetown', 9, 38, 1, '2022-01-13 16:55:36'),
(285, 'Souris', 9, 38, 1, '2022-01-13 16:55:36'),
(286, 'Summerside', 9, 38, 1, '2022-01-13 16:55:36'),
(287, 'Cornwall', 9, 38, 1, '2022-01-13 16:55:36'),
(288, 'Alma', 10, 38, 1, '2022-01-13 16:55:36'),
(289, 'Fleurimont', 10, 38, 1, '2022-01-13 16:55:36'),
(290, 'Longueuil', 10, 38, 1, '2022-01-13 16:55:36'),
(291, 'Amos', 10, 38, 1, '2022-01-13 16:55:36'),
(292, 'Gaspe', 10, 38, 1, '2022-01-13 16:55:36'),
(293, 'Marieville', 10, 38, 1, '2022-01-13 16:55:36'),
(294, 'Anjou', 10, 38, 1, '2022-01-13 16:55:36'),
(295, 'Gatineau', 10, 38, 1, '2022-01-13 16:55:36'),
(296, 'Mount Royal', 10, 38, 1, '2022-01-13 16:55:36'),
(297, 'Aylmer', 10, 38, 1, '2022-01-13 16:55:36'),
(298, 'Hull', 10, 38, 1, '2022-01-13 16:55:36'),
(299, 'Montreal', 10, 38, 1, '2022-01-13 16:55:36'),
(300, 'Beauport', 10, 38, 1, '2022-01-13 16:55:36'),
(301, 'Joliette', 10, 38, 1, '2022-01-13 16:55:36'),
(302, 'Montreal Region', 10, 38, 1, '2022-01-13 16:55:36'),
(303, 'Bromptonville', 10, 38, 1, '2022-01-13 16:55:36'),
(304, 'Jonquiere', 10, 38, 1, '2022-01-13 16:55:36'),
(305, 'Montreal-Est', 10, 38, 1, '2022-01-13 16:55:36'),
(306, 'Brosssard', 10, 38, 1, '2022-01-13 16:55:36'),
(307, 'Lachine', 10, 38, 1, '2022-01-13 16:55:36'),
(308, 'Quebec', 10, 38, 1, '2022-01-13 16:55:36'),
(309, 'Chateauguay', 10, 38, 1, '2022-01-13 16:55:36'),
(310, 'Lasalle', 10, 38, 1, '2022-01-13 16:55:36'),
(311, 'Saint-Leonard', 10, 38, 1, '2022-01-13 16:55:36'),
(312, 'Chicoutimi', 10, 38, 1, '2022-01-13 16:55:36'),
(313, 'Laurentides', 10, 38, 1, '2022-01-13 16:55:36'),
(314, 'Sherbrooke', 10, 38, 1, '2022-01-13 16:55:36'),
(315, 'Coaticook', 10, 38, 1, '2022-01-13 16:55:36'),
(316, 'LaSalle', 10, 38, 1, '2022-01-13 16:55:36'),
(317, 'Sorel', 10, 38, 1, '2022-01-13 16:55:36'),
(318, 'Coaticook', 10, 38, 1, '2022-01-13 16:55:36'),
(319, 'Laval', 10, 38, 1, '2022-01-13 16:55:36'),
(320, 'Thetford Mines', 10, 38, 1, '2022-01-13 16:55:36'),
(321, 'Dorval', 10, 38, 1, '2022-01-13 16:55:36'),
(322, 'Lennoxville', 10, 38, 1, '2022-01-13 16:55:36'),
(323, 'Victoriaville', 10, 38, 1, '2022-01-13 16:55:36'),
(324, 'Drummondville', 10, 38, 1, '2022-01-13 16:55:36'),
(325, 'Levis', 10, 38, 1, '2022-01-13 16:55:36'),
(326, 'Avonlea', 11, 38, 1, '2022-01-13 16:55:36'),
(327, 'Melfort', 11, 38, 1, '2022-01-13 16:55:36'),
(328, 'Swift Current', 11, 38, 1, '2022-01-13 16:55:36'),
(329, 'Colonsay', 11, 38, 1, '2022-01-13 16:55:36'),
(330, 'Nipawin', 11, 38, 1, '2022-01-13 16:55:36'),
(331, 'Tisdale', 11, 38, 1, '2022-01-13 16:55:36'),
(332, 'Craik', 11, 38, 1, '2022-01-13 16:55:36'),
(333, 'Prince Albert', 11, 38, 1, '2022-01-13 16:55:36'),
(334, 'Unity', 11, 38, 1, '2022-01-13 16:55:36'),
(335, 'Creighton', 11, 38, 1, '2022-01-13 16:55:36'),
(336, 'Regina', 11, 38, 1, '2022-01-13 16:55:36'),
(337, 'Weyburn', 11, 38, 1, '2022-01-13 16:55:36'),
(338, 'Eastend', 11, 38, 1, '2022-01-13 16:55:36'),
(339, 'Saskatoon', 11, 38, 1, '2022-01-13 16:55:36'),
(340, 'Wynyard', 11, 38, 1, '2022-01-13 16:55:36'),
(341, 'Esterhazy', 11, 38, 1, '2022-01-13 16:55:36'),
(342, 'Shell Lake', 11, 38, 1, '2022-01-13 16:55:36'),
(343, 'Yorkton', 11, 38, 1, '2022-01-13 16:55:36'),
(344, 'Gravelbourg', 11, 38, 1, '2022-01-13 16:55:36'),
(345, 'Carcross', 12, 38, 1, '2022-01-13 16:55:36'),
(346, 'Whitehorse', 12, 38, 1, '2022-01-13 16:55:36');

-- 
-- Dumping data for table sys_carrier
--
-- Table inntech_pos_v2_db.sys_carrier does not contain any data (it is empty)

-- 
-- Dumping data for table sys_app_currency
--
INSERT INTO sys_app_currency VALUES
(1, 111, 'INR', 2, 'Indian Rupee', 'INR', 'India', '356'),
(2, 43, 'CAD', 2, 'Canadian Dollar', 'CAD', 'Canada', '124');

-- 
-- Dumping data for table prm_reward_product
--
-- Table inntech_pos_v2_db.prm_reward_product does not contain any data (it is empty)

-- 
-- Dumping data for table prm_reward
--
-- Table inntech_pos_v2_db.prm_reward does not contain any data (it is empty)

-- 
-- Dumping data for table prm_promotion
--
-- Table inntech_pos_v2_db.prm_promotion does not contain any data (it is empty)

-- 
-- Dumping data for table prm_outlet
--
-- Table inntech_pos_v2_db.prm_outlet does not contain any data (it is empty)

-- 
-- Dumping data for table prm_criteria_product
--
-- Table inntech_pos_v2_db.prm_criteria_product does not contain any data (it is empty)

-- 
-- Dumping data for table prm_criteria
--
-- Table inntech_pos_v2_db.prm_criteria does not contain any data (it is empty)

-- 
-- Dumping data for table pos_session
--
INSERT INTO pos_session VALUES
(1, 1, 1, NULL, '2022-01-28 16:15:14', NULL, 0.00, NULL, 0.00, '', NULL, 'Open', '2022-01-28 16:15:14');

-- 
-- Dumping data for table pos_register_session
--
INSERT INTO pos_register_session VALUES
(1, 1, 1, 1, 1, '2022-01-28 16:15:22', '2022-01-28 17:58:00', 0.00, 0.00, 0.00, '', '', 'Close', '2022-01-28 16:15:22'),
(2, 1, 1, 1, 1, '2022-01-28 18:00:06', '2022-01-29 10:31:37', 100.00, 0.00, 223.90, '', '', 'Close', '2022-01-28 18:00:06'),
(3, 1, 1, 1, NULL, '2022-01-29 10:41:36', NULL, 0.00, NULL, NULL, '', NULL, 'Open', '2022-01-29 10:41:36'),
(4, 1, 3, 1, 1, '2022-01-29 10:42:09', '2022-01-29 10:42:23', 0.00, 0.00, 0.00, '', '', 'Close', '2022-01-29 10:42:09'),
(5, 1, 3, 1, NULL, '2022-01-29 10:45:09', NULL, 0.00, NULL, NULL, '', NULL, 'Open', '2022-01-29 10:45:09');

-- 
-- Dumping data for table ord_split_payment
--
-- Table inntech_pos_v2_db.ord_split_payment does not contain any data (it is empty)

-- 
-- Dumping data for table ord_split_item
--
-- Table inntech_pos_v2_db.ord_split_item does not contain any data (it is empty)

-- 
-- Dumping data for table ord_split
--
-- Table inntech_pos_v2_db.ord_split does not contain any data (it is empty)

-- 
-- Dumping data for table ord_promotion
--
-- Table inntech_pos_v2_db.ord_promotion does not contain any data (it is empty)

-- 
-- Dumping data for table ord_print_queue
--
-- Table inntech_pos_v2_db.ord_print_queue does not contain any data (it is empty)

-- 
-- Dumping data for table ord_payment_refund
--
-- Table inntech_pos_v2_db.ord_payment_refund does not contain any data (it is empty)

-- 
-- Dumping data for table ord_payment_description
--
-- Table inntech_pos_v2_db.ord_payment_description does not contain any data (it is empty)

-- 
-- Dumping data for table ord_payment
--
INSERT INTO ord_payment VALUES
(1, 1, 1, 1, 'PAY/2022/0041', 'ORD/2022/0047', '2022-01-28 18:40:14', 0.00, 123.90, '', '2022-01-28 18:40:14');

-- 
-- Dumping data for table ord_order_item_note
--
-- Table inntech_pos_v2_db.ord_order_item_note does not contain any data (it is empty)

-- 
-- Dumping data for table ord_order_item_addon
--
-- Table inntech_pos_v2_db.ord_order_item_addon does not contain any data (it is empty)

-- 
-- Dumping data for table ord_order_item
--
INSERT INTO ord_order_item VALUES
(1, 'product', 1, 'front', 0, 1, 1, 16, 0, 1, 'Test 123', 1, 1.00, 100.00, 100.00, 0, 'Medium', '', '2022-01-28 18:40:14'),
(2, 'product', 1, 'default', 1, 1, 2, 3, 0, 1, '5 star', 1, 1.00, 20.00, 20.00, 0, 'Medium', '', '2022-01-29 10:45:16');

-- 
-- Dumping data for table ord_order
--
INSERT INTO ord_order VALUES
(1, 'dine', 'none', 'ORD/2022/0047', 1, '', 2, 1, 0, 'Walk-in', 2, 1, 1, 1, 1, '2022-01-28 18:07:47', 'p', 0.00, 0.00, 18, 18.00, 4, '5', 100.00, 5.90, 0.00, 0.00, 0.00, 0.00, 0.00, 0.00, 123.90, 'Closed', 0, '', '2022-01-28 18:07:47'),
(2, 'p', 'none', 'ORD/2022/0048', 2, '', 2, 1, 0, 'Walk-in', 5, 3, 0, 1, 1, '2022-01-29 10:45:16', 'p', 0.00, 0.00, 18, 0.00, 0, '5', 20.00, 1.00, 0.00, 0.00, 0.00, 0.00, 0.00, 0.00, 21.00, 'Confirmed', 0, '', '2022-01-29 10:45:16');

-- 
-- Dumping data for table ord_address
--
-- Table inntech_pos_v2_db.ord_address does not contain any data (it is empty)

-- 
-- Dumping data for table mig_warehouses
--
INSERT INTO mig_warehouses VALUES
(0);

-- 
-- Dumping data for table mig_wapi
--
INSERT INTO mig_wapi VALUES
(0);

-- 
-- Dumping data for table mig_reports
--
INSERT INTO mig_reports VALUES
(0);

-- 
-- Dumping data for table mig_registers
--
INSERT INTO mig_registers VALUES
(1);

-- 
-- Dumping data for table mig_promotions
--
INSERT INTO mig_promotions VALUES
(1);

-- 
-- Dumping data for table mig_printers
--
INSERT INTO mig_printers VALUES
(2);

-- 
-- Dumping data for table mig_pos
--
INSERT INTO mig_pos VALUES
(7);

-- 
-- Dumping data for table mig_outlets
--
INSERT INTO mig_outlets VALUES
(1);

-- 
-- Dumping data for table mig_orders
--
INSERT INTO mig_orders VALUES
(1);

-- 
-- Dumping data for table mig_notifications
--
INSERT INTO mig_notifications VALUES
(2);

-- 
-- Dumping data for table mig_kitchens
--
INSERT INTO mig_kitchens VALUES
(1);

-- 
-- Dumping data for table mig_items
--
INSERT INTO mig_items VALUES
(1);

-- 
-- Dumping data for table mig_etemplates
--
INSERT INTO mig_etemplates VALUES
(1);

-- 
-- Dumping data for table mig_employees
--
INSERT INTO mig_employees VALUES
(1);

-- 
-- Dumping data for table mig_contacts
--
INSERT INTO mig_contacts VALUES
(7);

-- 
-- Dumping data for table mig_areas
--
INSERT INTO mig_areas VALUES
(2);

-- 
-- Dumping data for table mas_currencies
--
-- Table inntech_pos_v2_db.mas_currencies does not contain any data (it is empty)

-- 
-- Dumping data for table itm_note
--
INSERT INTO itm_note VALUES
(1, 5, 'TEst 12', '2022-01-17 15:30:30'),
(2, 18, 'dyyt', '2022-01-17 18:21:58'),
(3, 18, 'rtyeryt', '2022-01-17 18:21:58');

-- 
-- Dumping data for table itm_item
--
INSERT INTO itm_item VALUES
(3, 'ITM000001', 'product', 0, 1, '5 star', 1, 1, 1, '', '1', 0, 0, 1, 'default', 20.00, 1, 1, 1, 1, '2022-01-17 11:08:03'),
(5, 'ITM000003', 'product', 0, 1, 'Test ', 1, 1, 1, '', '9', 0, 0, 1, 'kitchen', 0.00, 1, 1, 1, 1, '2022-01-18 12:11:32'),
(6, 'ITM000004', 'variant', 5, 1, 'Test 1', 0, 1, 1, '', '', 0, 0, 1, 'kitchen', 15.00, 1, 1, 1, 1, '2022-01-17 11:39:35'),
(16, 'ITM000014', 'product', 0, 1, 'Test 123', 1, 1, 1, '', '', 0, 0, 1, 'front', 100.00, 1, 1, 1, 1, '2022-01-17 18:21:22'),
(9, 'ITM000007', 'optional', 5, 1, 'TEsts 1 2', 0, 1, 1, '', '', 1, 0, 1, 'kitchen', 25.00, 1, 1, 1, 1, '2022-01-17 15:12:00'),
(10, 'ITM000008', 'optional', 5, 1, 'Test 2', 0, 1, 1, '', '', 1, 0, 1, 'kitchen', 12.00, 1, 1, 1, 1, '2022-01-17 15:21:43'),
(14, 'ITM000012', 'variant', 5, 1, 'Test V2', 0, 1, 1, '', '', 0, 0, 0, 'kitchen', 10.00, 1, 1, 1, 1, '2022-01-17 16:21:10'),
(15, 'ITM000013', 'optional', 5, 1, 'TEst A3', 0, 1, 1, '', '', 1, 0, 1, 'kitchen', 0.00, 1, 1, 1, 1, '2022-01-17 16:21:10'),
(17, 'ITM000015', 'product', 0, 1, 'Test 123', 1, 1, 1, '', '', 0, 0, 1, 'front', 100.00, 1, 1, 1, 1, '2022-01-17 18:21:31'),
(18, 'ITM000016', 'product', 0, 1, 'Test 123', 1, 1, 1, '', '', 0, 0, 1, 'front', 100.00, 1, 1, 1, 1, '2022-01-17 18:21:58'),
(19, 'ITM000017', 'optional', 18, 1, 'TEst 345', 0, 1, 1, '', '', 1, 0, 1, 'front', 0.00, 1, 1, 1, 1, '2022-01-17 18:21:58'),
(20, 'ITM000018', 'optional', 18, 1, 'TEst 574', 0, 1, 1, '', '', 1, 0, 1, 'front', 0.00, 1, 1, 1, 1, '2022-01-17 18:21:58');

-- 
-- Dumping data for table itm_category
--
INSERT INTO itm_category VALUES
(1, 'Beer', 0, 1, 1, 1, 0, '2022-01-15 10:34:15'),
(2, 'Soda', 1, 1, 1, 1, 0, '2022-01-17 19:03:15');

-- 
-- Dumping data for table emp_shift
--
INSERT INTO emp_shift VALUES
(1, 0, 1, 1, 1, NULL, NULL, '2022-01-28 17:45:12', NULL);

-- 
-- Dumping data for table emp_employee
--
INSERT INTO emp_employee VALUES
(1, 0, 'Test Emp', 'Test', 'zasadycip@inntechpos.com', '+12613037172', '121212', 1, 0, '2022-01-21 16:54:12'),
(2, 0, 'Uma', 'Acevedo', 'vywonutux@inntechpos.com', '789456123', '121212', 1, 0, '2022-01-24 18:15:49'),
(3, 0, 'Hayley', 'Hanson', 'noretoxi@inntechpos.com', 'Incididunt ad a', '121212', 1, 0, '2022-01-27 17:23:15');

-- 
-- Dumping data for table con_vendor_add_contact
--
-- Table inntech_pos_v2_db.con_vendor_add_contact does not contain any data (it is empty)

-- 
-- Dumping data for table con_vendor_address
--
-- Table inntech_pos_v2_db.con_vendor_address does not contain any data (it is empty)

-- 
-- Dumping data for table con_vendor
--
-- Table inntech_pos_v2_db.con_vendor does not contain any data (it is empty)

-- 
-- Dumping data for table con_salutation
--
INSERT INTO con_salutation VALUES
(1, 'Mr.', '2020-01-13 14:58:29'),
(2, 'Mrs.', '2020-01-13 14:58:29'),
(3, 'Ms.', '2020-01-13 14:58:29'),
(4, 'Miss.', '2020-01-13 14:58:29'),
(5, 'Dr.', '2020-01-13 14:58:29');

-- 
-- Dumping data for table con_customer_groups
--
INSERT INTO con_customer_groups VALUES
(1, 'Regular', 0.00, 0.00, 0.00, 1, '2022-01-13 16:55:35');

-- 
-- Dumping data for table con_customer_address
--
INSERT INTO con_customer_address VALUES
(1, NULL, '', '', '', 0, 0, '', 0, '0000-00-00 00:00:00'),
(2, NULL, '', '', '', 0, 0, '', 0, '0000-00-00 00:00:00'),
(3, NULL, '', '', '', 0, 0, '', 0, '2020-11-27 17:54:51'),
(4, NULL, '', '', '', 0, 0, '', 0, '2020-11-27 17:54:51'),
(5, NULL, '', '', '', 0, 0, '', 0, '2020-12-02 12:11:51'),
(6, NULL, '', '', '', 0, 0, '', 0, '2020-12-02 12:11:51'),
(7, NULL, '', '', '', 0, 0, '', 0, '2020-12-02 13:15:19'),
(8, NULL, '', '', '', 0, 0, '', 0, '2020-12-02 13:15:19'),
(9, NULL, '', '', '', 0, 0, '', 0, '0000-00-00 00:00:00'),
(10, NULL, '', '', '', 0, 0, '', 0, '0000-00-00 00:00:00'),
(11, NULL, '', '', '', 0, 0, '', 0, '2021-03-31 12:44:42'),
(12, NULL, '', '', '', 0, 0, '', 0, '2021-03-31 12:44:42'),
(13, NULL, '', '', '', 0, 0, '', 0, '2021-09-22 09:50:52'),
(14, NULL, '', '', '', 0, 0, '', 0, '2021-09-22 09:50:52'),
(15, NULL, '', '', '', 0, 0, '', 0, '0000-00-00 00:00:00'),
(16, NULL, '', '', '', 0, 0, '', 0, '0000-00-00 00:00:00'),
(17, NULL, '', '', '', 0, 0, '', 0, '2021-09-22 13:56:20'),
(18, NULL, '', '', '', 0, 0, '', 0, '2021-09-22 13:56:20'),
(19, NULL, '', '', '', 0, 0, '', 0, '0000-00-00 00:00:00'),
(20, NULL, '', '', '', 0, 0, '', 0, '0000-00-00 00:00:00');

-- 
-- Dumping data for table con_customer
--
INSERT INTO con_customer VALUES
(1, 'CUS0000001', 1, NULL, 'Walkin', '', 'Walk-in', '', '', NULL, '', NULL, 0, 1, 0, '2020-01-13 15:10:38'),
(2, 'CUS0000002', 1, NULL, 'Nizam', '', 'Nizam ', NULL, '6048573102', NULL, '', NULL, 0, 1, 0, '2020-11-27 17:54:51'),
(3, 'CUS0000003', 1, NULL, '', '', 'xxx', NULL, '7806673228', NULL, '', NULL, 0, 1, 0, '2020-12-02 12:11:51'),
(4, 'CUS0000004', 1, NULL, '', '', 'Andy Just In Case', NULL, '5879266499', NULL, '', NULL, 0, 1, 0, '2020-12-02 13:15:19'),
(5, 'CUS0000005', 1, NULL, 'Hassan', 'Mehmood', 'Hassan  Qimam-120-tukra only S', NULL, '780381391456', NULL, '', NULL, 0, 1, 0, '2020-12-02 17:29:16'),
(6, '', 1, NULL, '', '', 'Abhishek Jariwala', 'abhishek.jariwala@outlook.com', '7809380671', '219ae01b80ac9c1e627f903fd6377d9cbaaaebdc', '', NULL, 0, 1, 0, '2021-09-22 10:23:00'),
(7, '', 1, NULL, '', '', 'Sandip', 'rahul4@gmail.com', '7984858358', '168c79663eefba9cd9e8fb152b363f2845e5cea5', '', NULL, 0, 1, 0, '2021-09-22 10:23:02'),
(8, '', 1, NULL, '', '', 'Alym Giga', 'alymgiga@gmail.com', '613-327-4447', 'b4187ec592f35a74080d916e1b2c49e1ea81f459', '', NULL, 0, 1, 0, '2021-09-22 10:23:03'),
(9, 'CUS0000006', 1, NULL, 'Malek ', 'Jiwani', 'Malek Jiwani', NULL, '7804508350', NULL, '', NULL, 0, 1, 0, '2021-03-31 12:44:42'),
(10, '', 1, NULL, '', '', 'Chintan Bagdawala', 'cbagdawala@gmail.com', '9825932221', '219ae01b80ac9c1e627f903fd6377d9cbaaaebdc', '', NULL, 0, 1, 0, '2021-09-22 10:23:05'),
(11, '', 1, NULL, '', '', 'Faisal Vishram', 'faisal.vishram@gmail.com', '7802312946', '16d6ccdf9f0c4b96c5692a12fc5f2a2cb6e8afef', '', NULL, 0, 1, 0, '2021-09-22 10:23:07'),
(12, '', 1, NULL, '', '', 'Sandip', 'sandipvanodiya67@gmail.com', '09904675989', 'c76957154f7e9cf4baf9ec14e0d60c52624f3637', '', NULL, 0, 1, 0, '2021-09-22 10:23:09'),
(13, '', 1, NULL, '', '', 'sandip', 'sandipvanodiya34@gmail.com', '9904675989', 'c76957154f7e9cf4baf9ec14e0d60c52624f3637', '', NULL, 0, 1, 0, '2021-09-22 10:23:11'),
(14, '', 1, NULL, '', '', 'sanju', 'sandip7878@gmail.com', '7878787878', 'c76957154f7e9cf4baf9ec14e0d60c52624f3637', '', NULL, 0, 1, 0, '2021-09-22 10:23:14'),
(15, '', 1, NULL, '', '', 'sandip', 'sandip9904@gmail.com', '9904990499', 'c76957154f7e9cf4baf9ec14e0d60c52624f3637', '', NULL, 0, 1, 0, '2021-09-22 10:23:15'),
(16, '', 1, NULL, '', '', 'sandip', 'sandip98@gmail.com', '9904990498', 'c76957154f7e9cf4baf9ec14e0d60c52624f3637', '', NULL, 0, 1, 0, '2021-09-22 10:23:16'),
(17, '', 1, NULL, '', '', 'sandip', 'sandip89@gmail.com', '9904990489', 'c76957154f7e9cf4baf9ec14e0d60c52624f3637', '', NULL, 0, 1, 0, '2021-09-22 10:23:19'),
(18, '', 1, NULL, '', '', 'Avram Olson', 'tanigote@inntechpos.com', '+1 (618) 518-4939', '219ae01b80ac9c1e627f903fd6377d9cbaaaebdc', '', NULL, 0, 1, 0, '2021-09-22 10:23:21'),
(19, '', 1, NULL, '', '', 'sandip', 'sandip11@gmail.com', '9904990411', 'c76957154f7e9cf4baf9ec14e0d60c52624f3637', '', NULL, 0, 1, 0, '2021-09-22 10:23:23'),
(20, '', 1, NULL, '', '', 'Gisela Reese', 'cywofure@inntechpos.com', '+1 (314) 849-3308', '219ae01b80ac9c1e627f903fd6377d9cbaaaebdc', '', NULL, 0, 1, 0, '2021-09-22 10:23:24'),
(21, '', 1, NULL, '', '', 'Hiram Pitts', 'qulibyf@inntechpos.com', '+1 (281) 538-4388', '219ae01b80ac9c1e627f903fd6377d9cbaaaebdc', '', NULL, 0, 1, 0, '2021-09-22 10:23:25'),
(22, '', 1, NULL, '', '', 'MacKenzie Beard', 'coguqum@inntechpos.com', '+1 (146) 454-1181', '219ae01b80ac9c1e627f903fd6377d9cbaaaebdc', '', NULL, 0, 1, 0, '2021-09-22 10:23:27'),
(23, '', 1, NULL, '', '', 'Xanthus Wall', 'xoluqyw@inntechpos.com', '+1 (648) 828-5269', '219ae01b80ac9c1e627f903fd6377d9cbaaaebdc', '', NULL, 0, 1, 0, '2021-09-22 10:23:30'),
(24, '', 1, NULL, '', '', 'Abdul Chandler', 'vimopakuvu@inntechpos.com', '+1 (659) 399-4767', '219ae01b80ac9c1e627f903fd6377d9cbaaaebdc', '', NULL, 0, 1, 0, '2021-09-22 10:23:31'),
(25, 'CUS0000007', 1, NULL, 'Sandip', 'Panchal', 'Sandip Panchal', 'sandip@panchal.com', '1010101010', NULL, '', NULL, 0, 1, 0, '2021-09-22 09:50:52'),
(26, 'CUS0000008', 1, NULL, 'sanjuuuuuuu', 'patell', 'sanjuuuu patell', 'sandipvanodiya34456@gmail.com', '1010101012', NULL, '', NULL, 0, 1, 0, '2021-09-22 11:49:35'),
(27, 'CUS0000009', 1, NULL, 'Test ', 'Test 2', 'Test Test 2', 'sandipvanodiya3445435@gmail.com', '45644', NULL, '', NULL, 0, 1, 0, '2021-09-22 13:56:20'),
(28, '', 1, NULL, '', '', 'Sandip', 'samdip9904@gmail.com', '78845526562546', 'f1da6efa147a629f513c34f8aea6727c743af5ce', '', NULL, 0, 1, 0, '0000-00-00 00:00:00'),
(29, '', 1, NULL, '', '', 'Sandip', 'samdip990412@gmail.com', '7884552612562546', 'f1da6efa147a629f513c34f8aea6727c743af5ce', '', NULL, 0, 1, 0, '0000-00-00 00:00:00'),
(30, '', 1, NULL, '', '', 'Sandip', 'samdip99041212@gmail.com', '788455261256212546', 'f1da6efa147a629f513c34f8aea6727c743af5ce', '', NULL, 0, 1, 0, '0000-00-00 00:00:00'),
(31, '', 1, NULL, '', '', 'Sandip', 'sandipvanodiya01@gmail.com', '09904675901', '4dd9c923ad2badcbcb2775bac558e70fa1dea8f0', '', NULL, 0, 1, 0, '0000-00-00 00:00:00'),
(32, '', 1, NULL, '', '', 'Sandip', 'sandipvanodiya02@gmail.com', '09904675902', '4dd9c923ad2badcbcb2775bac558e70fa1dea8f0', '', NULL, 0, 1, 0, '0000-00-00 00:00:00'),
(33, '', 1, NULL, '', '', 'Sandip', 'sandipvanodiya03@gmail.com', '09904675903', '4dd9c923ad2badcbcb2775bac558e70fa1dea8f0', '', NULL, 0, 1, 0, '0000-00-00 00:00:00'),
(34, '', 1, NULL, '', '', 'Sandip', 'sandipvanodiya04@gmail.com', '09904675904', '4dd9c923ad2badcbcb2775bac558e70fa1dea8f0', '', NULL, 0, 1, 0, '0000-00-00 00:00:00'),
(35, '', 1, NULL, '', '', 'Sandip', 'sandipvanodiya05@gmail.com', '09904675905', '4dd9c923ad2badcbcb2775bac558e70fa1dea8f0', '', NULL, 0, 1, 0, '0000-00-00 00:00:00'),
(36, '', 1, NULL, '', '', 'Sandip', 'sandipvanodiya10@gmail.com', '1236541230', '219ae01b80ac9c1e627f903fd6377d9cbaaaebdc', '', NULL, 0, 1, 0, '0000-00-00 00:00:00'),
(37, 'CUS0000010', 1, NULL, 'Sanju01', 'Panchal01', 'Sanju01 Panchal01', 'sanju01@panchal.com', '120120120', NULL, '', 'C002', 1, 1, 0, '2021-10-04 11:46:06'),
(38, '', 1, NULL, '', '', 'Reece Padilla', 'tegimataf@inntechpos.com', '49', '219ae01b80ac9c1e627f903fd6377d9cbaaaebdc', '', NULL, 0, 1, 0, '0000-00-00 00:00:00'),
(39, '', 1, NULL, '', '', 'Galvin Finch', 'nihiwuxa@inntechpos.com', '23', '219ae01b80ac9c1e627f903fd6377d9cbaaaebdc', '', NULL, 0, 1, 0, '0000-00-00 00:00:00');

-- 
-- Dumping data for table ara_table
--
INSERT INTO ara_table VALUES
(1, 1, 0, 0, 'T1', 'T1', 'T1', 1, 10, 0, 'available', '0000-00-00 00:00:00', 0, '0000-00-00 00:00:00', '2021-10-07 12:11:48');

-- 
-- Dumping data for table ara_session
--
INSERT INTO ara_session VALUES
(1, 1, 1, '2021-10-07 12:20:04', '0000-00-00 00:00:00'),
(2, 1, 1, '2021-10-07 12:20:06', '2021-10-07 12:20:35'),
(3, 1, 1, '2021-10-07 12:20:39', '2021-10-07 12:22:31'),
(4, 1, 1, '2021-10-07 12:22:35', '2021-10-07 13:44:45'),
(5, 1, 1, '2021-10-07 13:45:29', '2021-10-07 14:39:23'),
(6, 1, 1, '2021-10-07 14:39:26', '2021-10-07 14:41:35'),
(7, 1, 1, '2021-10-07 14:41:46', '2021-10-07 14:42:11'),
(8, 1, 1, '2021-10-07 14:42:27', '2021-10-07 14:42:56'),
(9, 1, 1, '2021-10-07 14:43:06', '2021-10-07 14:45:24'),
(10, 1, 1, '2021-10-07 14:46:01', '2021-10-07 14:47:30'),
(11, 1, 1, '2021-10-07 14:47:43', '2021-10-07 14:55:43'),
(12, 1, 1, '2021-10-07 14:55:46', '2021-10-07 14:59:45'),
(13, 1, 1, '2021-10-07 14:59:48', '2021-10-07 15:01:40'),
(14, 1, 1, '2021-10-07 15:01:48', '2021-10-07 15:02:19'),
(15, 1, 1, '2021-10-07 15:02:26', '2021-10-07 15:02:46'),
(16, 1, 1, '2021-10-07 15:02:53', '2021-10-07 15:14:20'),
(17, 1, 1, '2021-10-07 15:17:40', '2021-10-07 15:18:17'),
(18, 1, 1, '2021-10-07 15:31:24', '2021-10-07 15:35:24'),
(19, 1, 1, '2021-10-07 15:35:26', '2021-10-07 15:42:39'),
(20, 1, 1, '2021-10-07 15:42:47', '2021-10-07 15:53:46'),
(21, 1, 1, '2021-10-07 15:53:50', '2021-10-07 16:38:22'),
(22, 1, 1, '2021-10-07 16:38:26', '2021-10-07 16:39:04'),
(23, 1, 1, '2021-10-07 16:50:22', '2021-10-07 16:50:43'),
(24, 1, 1, '2021-10-07 17:28:39', '2021-10-07 17:28:50'),
(25, 1, 1, '2021-10-07 17:56:05', '2021-10-07 18:01:53'),
(26, 1, 1, '2021-10-07 18:02:07', '2021-10-07 18:05:32'),
(27, 1, 1, '2021-10-07 18:05:35', '2021-10-07 18:06:04'),
(28, 1, 1, '2021-10-07 18:06:06', '2021-10-08 09:48:18'),
(29, 1, 1, '2021-10-08 09:48:21', '2021-10-08 18:39:42'),
(30, 1, 1, '2021-10-08 18:39:57', '2021-10-08 18:40:02'),
(31, 1, 1, '2021-10-08 18:42:33', '2021-10-08 18:48:26'),
(32, 1, 1, '2021-10-08 18:48:38', '2021-10-08 18:54:41'),
(33, 1, 1, '2021-10-08 18:54:48', '2021-10-09 09:24:12'),
(34, 1, 1, '2021-10-09 09:26:41', '2021-10-09 10:00:09'),
(35, 1, 1, '2022-01-28 18:07:47', '0000-00-00 00:00:00'),
(36, 1, 1, '2022-01-28 18:40:14', '2022-01-28 18:40:14');

-- 
-- Dumping data for table ara_relation
--
INSERT INTO ara_relation VALUES
(1, 1, 41, 4),
(2, 1, 42, 5),
(3, 1, 43, 6),
(4, 1, 44, 7),
(5, 1, 45, 8),
(6, 1, 46, 9),
(7, 1, 47, 10),
(8, 1, 48, 11),
(9, 1, 49, 12),
(10, 1, 50, 13),
(11, 1, 51, 14),
(12, 1, 52, 15),
(13, 1, 53, 16),
(14, 1, 54, 17),
(15, 1, 55, 18),
(16, 1, 56, 19),
(17, 1, 57, 20),
(18, 1, 58, 21),
(19, 1, 3, 22),
(20, 1, 4, 23),
(21, 1, 6, 24),
(22, 1, 7, 25),
(23, 1, 8, 26),
(24, 1, 9, 27),
(25, 1, 10, 28),
(26, 1, 13, 29),
(27, 1, 45, 30),
(28, 1, 46, 31),
(29, 1, 47, 32),
(30, 1, 49, 33),
(31, 1, 50, 34),
(32, 1, 1, 35),
(33, 1, 1, 36);

-- 
-- Dumping data for table ara_area
--
INSERT INTO ara_area VALUES
(1, 0, 'MainArea', '', 1, '0000-00-00 00:00:00', '2021-10-07 12:11:30');

-- 
-- Restore previous SQL mode
-- 
/*!40101 SET SQL_MODE=@OLD_SQL_MODE */;

-- 
-- Enable foreign keys
-- 
/*!40014 SET FOREIGN_KEY_CHECKS = @OLD_FOREIGN_KEY_CHECKS */;